Product_ID,Product_Name,SKU,Current_Price,Regular_Price,Currency,On_Sale,Average_Rating,Review_Count,Categories,In_Stock,Product_URL
12192,מדבקת סמל לרכב THANK YOU HASHEM&quot; ABS&quot;,madbekot-7,11.0,11.0,ILS,False,0.0,0,"מדבקות ברסלב, מוצרים נלווים",True,https://malevegadish.com/product/%d7%9e%d7%93%d7%91%d7%a7%d7%aa-%d7%a1%d7%9e%d7%9c-%d7%9c%d7%a8%d7%9b%d7%91-thank-you-hashem-abs/
12184,"קונטרס מעשה משבעה בעטלירס &#8211; עם ברכת המזון, ושבע ברכות, ותיקון הכללי",conters mease mishav'a beatalirs-1,1.5,1.5,ILS,False,0.0,0,"קונטרס מעשה משבעה בעטלירס, קונטרסים, קונטרסים בינונים",True,https://malevegadish.com/product/%d7%a7%d7%95%d7%a0%d7%98%d7%a8%d7%a1-%d7%9e%d7%a2%d7%a9%d7%94-%d7%9e%d7%a9%d7%91%d7%a2%d7%94-%d7%91%d7%a2%d7%98%d7%9c%d7%99%d7%a8%d7%a1-2/
12181,"קונטרס מעשה משבעה בעטלירס &#8211; עם ברכת המזון, ושבע ברכות, ותיקון הכללי",conters mease mishav'a beatalirs,1.5,1.5,ILS,False,0.0,0,"קונטרס מעשה משבעה בעטלירס, קונטרסים, קונטרסים בינונים",True,https://malevegadish.com/product/%d7%a7%d7%95%d7%a0%d7%98%d7%a8%d7%a1-%d7%9e%d7%a2%d7%a9%d7%94-%d7%9e%d7%a9%d7%91%d7%a2%d7%94-%d7%91%d7%a2%d7%98%d7%9c%d7%99%d7%a8%d7%a1/
12176,תיקון הכללי &quot;ישועת ישראל&quot; -סקאי לבן &#8211; גודל גדול (כתבי הנחל),tikon haklali &quot;yeshu'at yisral&quot; &#8211; godel gdul (ktevi hanchal)-1,7.5,7.5,ILS,False,0.0,0,"הוצאת ""כתבי הנחל"", חוברות, ישועת ישראל, ליקוטים, קונטרסים, קונטרסים גדולים, תיקון הכללי",True,https://malevegadish.com/product/%d7%aa%d7%99%d7%a7%d7%95%d7%9f-%d7%94%d7%9b%d7%9c%d7%9c%d7%99-%d7%99%d7%a9%d7%95%d7%a2%d7%aa-%d7%99%d7%a9%d7%a8%d7%90%d7%9c-%d7%92%d7%95%d7%93%d7%9c-%d7%92%d7%93%d7%95%d7%9c-%d7%9b%d7%aa%d7%91-2/
12173,תיקון הכללי &quot;ישועת ישראל&quot; -סקאי חום &#8211; גודל גדול (כתבי הנחל),tikon haklali &quot;yeshu'at yisral&quot; &#8211; godel gdul (ktevi hanchal),7.5,7.5,ILS,False,0.0,0,"הוצאת ""כתבי הנחל"", חוברות, ישועת ישראל, ליקוטים, קונטרסים, קונטרסים גדולים, תיקון הכללי",True,https://malevegadish.com/product/%d7%aa%d7%99%d7%a7%d7%95%d7%9f-%d7%94%d7%9b%d7%9c%d7%9c%d7%99-%d7%99%d7%a9%d7%95%d7%a2%d7%aa-%d7%99%d7%a9%d7%a8%d7%90%d7%9c-%d7%92%d7%95%d7%93%d7%9c-%d7%92%d7%93%d7%95%d7%9c-%d7%9b%d7%aa%d7%91/
11904,ספורי מעשיות גודל ענק &#8211; עם לקט פירושים מרבינו ותלמידיו בכל דף &#8211; סקאי לבן,spori_ma'ashiyot_godel_anak-1,25.0,25.0,ILS,False,0.0,0,"ספר סיפורי מעשיות, ספרי רבי נחמן מברסלב, ספרים גדולים, ספרים מיוחדים",True,https://malevegadish.com/product/%d7%a1%d7%a4%d7%95%d7%a8%d7%99-%d7%9e%d7%a2%d7%a9%d7%99%d7%95%d7%aa-%d7%92%d7%95%d7%93%d7%9c-%d7%a2%d7%a0%d7%a7-%d7%a2%d7%9d-%d7%9c%d7%a7%d7%98-%d7%a4%d7%99%d7%a8%d7%95%d7%a9%d7%99%d7%9d-%d7%9e-2/
11898,ספורי מעשיות גודל ענק &#8211; עם לקט פירושים מרבינו ותלמידיו בכל דף &#8211; סקאי חום,spori_ma'ashiyot_godel_anak,25.0,25.0,ILS,False,0.0,0,"ספר סיפורי מעשיות, ספרי רבי נחמן מברסלב, ספרים גדולים, ספרים מיוחדים",True,https://malevegadish.com/product/%d7%a1%d7%a4%d7%95%d7%a8%d7%99-%d7%9e%d7%a2%d7%a9%d7%99%d7%95%d7%aa-%d7%92%d7%95%d7%93%d7%9c-%d7%a2%d7%a0%d7%a7-%d7%a2%d7%9d-%d7%9c%d7%a7%d7%98-%d7%a4%d7%99%d7%a8%d7%95%d7%a9%d7%99%d7%9d-%d7%9e/
11854,Donate to distribution,troma,148.0,148.0,ILS,False,0.0,0,,True,https://malevegadish.com/product/%d7%aa%d7%a8%d7%95%d7%9e%d7%94-%d7%9c%d7%94%d7%a4%d7%a6%d7%94/
11842,חבילת 14 מדבקות בגודל 5*25 במבחר משפטים מספרי ברסלב,madbekot-6,14.0,14.0,ILS,False,0.0,0,"מדבקות ברסלב, מוצרים נלווים",True,https://malevegadish.com/product/%d7%97%d7%91%d7%99%d7%9c%d7%aa-14-%d7%9e%d7%93%d7%91%d7%a7%d7%95%d7%aa-%d7%91%d7%92%d7%95%d7%93%d7%9c-525-%d7%91%d7%9e%d7%91%d7%97%d7%a8-%d7%9e%d7%a9%d7%a4%d7%98%d7%99%d7%9d-%d7%9e%d7%a1%d7%a4%d7%a8-2/
11831,נקודות של התחזקות &#8211; היום נולדת מחדש,nekudot_shel_hitchzakot-13,0.4,0.4,ILS,False,0.0,0,"חוברות, נקודות של התחזקות, קונטרסים, קונטרסים - הוצאת בחינות, קונטרסים בינונים",True,https://malevegadish.com/product/%d7%a0%d7%a7%d7%95%d7%93%d7%95%d7%aa-%d7%a9%d7%9c-%d7%94%d7%aa%d7%97%d7%96%d7%a7%d7%95%d7%aa-%d7%94%d7%99%d7%95%d7%9d-%d7%a0%d7%95%d7%9c%d7%93%d7%aa-%d7%9e%d7%97%d7%93%d7%a9-2/
11827,נקודות של התחזקות &#8211; חזק ואמץ מאוד!,nekudot_shel_hitchzakot-11,0.4,0.4,ILS,False,0.0,0,"חוברות, נקודות של התחזקות, קונטרסים, קונטרסים - הוצאת בחינות, קונטרסים בינונים",True,https://malevegadish.com/product/%d7%a0%d7%a7%d7%95%d7%93%d7%95%d7%aa-%d7%a9%d7%9c-%d7%94%d7%aa%d7%97%d7%96%d7%a7%d7%95%d7%aa-%d7%97%d7%96%d7%a7-%d7%95%d7%90%d7%9e%d7%a5-%d7%9e%d7%90%d7%95%d7%93/
11825,"נקודות של התחזקות &#8211; אל תפחד, השם איתך!",nekudot_shel_hitchzakot-10,0.4,0.4,ILS,False,0.0,0,"חוברות, נקודות של התחזקות, קונטרסים, קונטרסים - הוצאת בחינות, קונטרסים בינונים",True,https://malevegadish.com/product/%d7%a0%d7%a7%d7%95%d7%93%d7%95%d7%aa-%d7%a9%d7%9c-%d7%94%d7%aa%d7%97%d7%96%d7%a7%d7%95%d7%aa-%d7%90%d7%9c-%d7%aa%d7%a4%d7%97%d7%93-%d7%94%d7%a9%d7%9d-%d7%90%d7%99%d7%aa%d7%9a/
11813,נקודות של התחזקות &#8211; לברוח אל השם,nekudot_shel_hitchzakot-5,0.4,0.4,ILS,False,0.0,0,"חוברות, נקודות של התחזקות, קונטרסים, קונטרסים - הוצאת בחינות, קונטרסים בינונים",True,https://malevegadish.com/product/%d7%a0%d7%a7%d7%95%d7%93%d7%95%d7%aa-%d7%a9%d7%9c-%d7%94%d7%aa%d7%97%d7%96%d7%a7%d7%95%d7%aa-%d7%a9%d7%91%d7%a2%d7%94-%d7%9e%d7%a9%d7%99%d7%91%d7%99-%d7%98%d7%a2%d7%9d/
11811,נקודות של התחזקות &#8211; אחיזת עיניים בלבד,nekudot_shel_hitchzakot-4,0.4,0.4,ILS,False,0.0,0,"חוברות, נקודות של התחזקות, קונטרסים, קונטרסים - הוצאת בחינות, קונטרסים בינונים",True,https://malevegadish.com/product/%d7%a0%d7%a7%d7%95%d7%93%d7%95%d7%aa-%d7%a9%d7%9c-%d7%94%d7%aa%d7%97%d7%96%d7%a7%d7%95%d7%aa-%d7%90%d7%97%d7%99%d7%96%d7%aa-%d7%a2%d7%99%d7%a0%d7%99%d7%99%d7%9d-%d7%91%d7%9c%d7%91%d7%93/
11809,נקודות של התחזקות &#8211; אין יאוש בעולם כלל!,nekudot_shel_hitchzakot-3,0.4,0.4,ILS,False,0.0,0,"חוברות, נקודות של התחזקות, קונטרסים, קונטרסים - הוצאת בחינות, קונטרסים בינונים",True,https://malevegadish.com/product/%d7%a0%d7%a7%d7%95%d7%93%d7%95%d7%aa-%d7%a9%d7%9c-%d7%94%d7%aa%d7%97%d7%96%d7%a7%d7%95%d7%aa-%d7%90%d7%99%d7%9f-%d7%99%d7%90%d7%95%d7%a9-%d7%91%d7%a2%d7%95%d7%9c%d7%9d-%d7%9b%d7%9c%d7%9c/
11806,נקודות של התחזקות &#8211; מצווה להיות בשמחה,nekudot_shel_hitchzakot-2,0.4,0.4,ILS,False,0.0,0,"חוברות, נקודות של התחזקות, קונטרסים, קונטרסים - הוצאת בחינות, קונטרסים בינונים",True,https://malevegadish.com/product/%d7%a0%d7%a7%d7%95%d7%93%d7%95%d7%aa-%d7%a9%d7%9c-%d7%94%d7%aa%d7%97%d7%96%d7%a7%d7%95%d7%aa-%d7%94%d7%99%d7%95%d7%9d-%d7%a0%d7%95%d7%9c%d7%93%d7%aa-%d7%9e%d7%97%d7%93%d7%a9/
11803,נקודות של התחזקות &#8211; בריאה חדשה,nekudot_shel_hitchzakot-1,0.4,0.4,ILS,False,0.0,0,"חוברות, נקודות של התחזקות, קונטרסים, קונטרסים - הוצאת בחינות, קונטרסים בינונים",True,https://malevegadish.com/product/%d7%a0%d7%a7%d7%95%d7%93%d7%95%d7%aa-%d7%a9%d7%9c-%d7%94%d7%aa%d7%97%d7%96%d7%a7%d7%95%d7%aa-%d7%91%d7%a8%d7%99%d7%90%d7%94-%d7%97%d7%93%d7%a9%d7%94/
11731,דגל אומן ראש השנה,flag-1,7.0,7.0,ILS,False,0.0,0,"דגלים, מוצרים נלווים",True,https://malevegadish.com/product/%d7%93%d7%92%d7%9c-%d7%90%d7%95%d7%9e%d7%9f-%d7%a8%d7%90%d7%a9-%d7%94%d7%a9%d7%a0%d7%94/
11698,תמונת קנבס מנדלה &quot;עקר ישוב הדעת הוא על־ידי שמחה&quot; | במידה 30X30,Mandala_canvas_picture-23,30.0,30.0,ILS,False,0.0,0,"קנבסים מנדלות, תמונות קנבס",True,https://malevegadish.com/product/%d7%aa%d7%9e%d7%95%d7%a0%d7%aa-%d7%a7%d7%a0%d7%91%d7%a1-%d7%9e%d7%a0%d7%93%d7%9c%d7%94-%d7%a2%d7%a7%d7%a8-%d7%99%d7%a9%d7%95%d7%91-%d7%94%d7%93%d7%a2%d7%aa-%d7%94%d7%95%d7%90-%d7%a2%d7%9c%d6%be/
11695,תמונת קנבס לילדים &quot;טוב שיאמר האדם בשעת התבודדות היום אני מתחיל להתדבק בך&quot; | במידה 30X30,Canvas_picture_for_children-4,30.0,30.0,ILS,False,0.0,0,"קנבסים לילדים, תמונות קנבס",True,https://malevegadish.com/product/%d7%aa%d7%9e%d7%95%d7%a0%d7%aa-%d7%a7%d7%a0%d7%91%d7%a1-%d7%9c%d7%99%d7%9c%d7%93%d7%99%d7%9d-%d7%98%d7%95%d7%91-%d7%a9%d7%99%d7%90%d7%9e%d7%a8-%d7%94%d7%90%d7%93%d7%9d-%d7%91%d7%a9%d7%a2__trashed/
11664,תמונת קנבס לילדים &quot;דע שכל מצוה ומצוה שעושין נעשה ממנה נר אחד&quot; | במידה 30X30,Canvas_picture_for_childre-3,30.0,30.0,ILS,False,0.0,0,"קנבסים לילדים, תמונות קנבס",True,https://malevegadish.com/product/%d7%aa%d7%9e%d7%95%d7%a0%d7%aa-%d7%a7%d7%a0%d7%91%d7%a1-%d7%9c%d7%99%d7%9c%d7%93%d7%99%d7%9d-%d7%93%d7%a2-%d7%a9%d7%9b%d7%9c-%d7%9e%d7%a6%d7%95%d7%94-%d7%95%d7%9e%d7%a6%d7%95%d7%94-%d7%a9__trashed/
11661,תמונת קנבס לילדים &quot;ודע שהאדם צריך לעבר על גשר צר מאד מאד! והכלל והעקר שלא יתפחד כלל&quot; | במידה 30X30,Canvas_picture_for_children-2,30.0,30.0,ILS,False,0.0,0,"קנבסים לילדים, תמונות קנבס",True,https://malevegadish.com/product/%d7%aa%d7%9e%d7%95%d7%a0%d7%aa-%d7%a7%d7%a0%d7%91%d7%a1-%d7%9c%d7%99%d7%9c%d7%93%d7%99%d7%9d-%d7%98%d7%95%d7%91-%d7%a9%d7%99%d7%90%d7%9e%d7%a8-%d7%94%d7%90%d7%93%d7%9d-%d7%91%d7%a9%d7%a2__trashed-2/
11659,"תמונת קנבס לילדים &quot;כלל גדול בעבודת השם, שצריכין ממש בכל יום להתחיל מחדש&quot; | במידה 30X30",Canvas_picture_for_children-1,30.0,30.0,ILS,False,0.0,0,"קנבסים לילדים, תמונות קנבס",True,https://malevegadish.com/product/%d7%aa%d7%9e%d7%95%d7%a0%d7%aa-%d7%a7%d7%a0%d7%91%d7%a1-%d7%9c%d7%99%d7%9c%d7%93%d7%99%d7%9d-%d7%9b%d7%9c%d7%9c-%d7%92%d7%93%d7%95%d7%9c-%d7%91%d7%a2%d7%91%d7%95%d7%93%d7%aa-%d7%94%d7%a9__trashed/
11657,תמונת קנבס מנדלה &quot;אין שום יאוש בעולם כלל&quot; | במידה 30X30,Mandala_canvas_picture-18,30.0,30.0,ILS,False,0.0,0,"קנבסים מנדלות, תמונות קנבס",True,https://malevegadish.com/product/%d7%aa%d7%9e%d7%95%d7%a0%d7%aa-%d7%a7%d7%a0%d7%91%d7%a1-%d7%9e%d7%a0%d7%93%d7%9c%d7%94-%d7%90%d7%99%d7%9f-%d7%a9%d7%95%d7%9d-%d7%99%d7%90%d7%95%d7%a9-%d7%91%d7%a2%d7%95%d7%9c%d7%9d-%d7%9b%d7%9c/
11655,תמונת קנבס מנדלה &quot;איש הישראלי צריך תמיד להסתכל בהשכל של כל דבר&quot; | במידה 30X30,Mandala_canvas_picture-17,30.0,30.0,ILS,False,0.0,0,"קנבסים מנדלות, תמונות קנבס",True,https://malevegadish.com/product/%d7%aa%d7%9e%d7%95%d7%a0%d7%aa-%d7%a7%d7%a0%d7%91%d7%a1-%d7%9e%d7%a0%d7%93%d7%9c%d7%94-%d7%90%d7%99%d7%a9-%d7%94%d7%99%d7%a9%d7%a8%d7%90%d7%9c%d7%99-%d7%a6%d7%a8%d7%99%d7%9a-%d7%aa%d7%9e%d7%99%d7%93/
11653,"תמונת קנבס מנדלה &quot;אם אתה מאמין שיכולין לקלקל, תאמין שיכולין לתקן&quot; | במידה 30X30",Mandala_canvas_picture-16,30.0,30.0,ILS,False,0.0,0,"קנבסים מנדלות, תמונות קנבס",True,https://malevegadish.com/product/%d7%aa%d7%9e%d7%95%d7%a0%d7%aa-%d7%a7%d7%a0%d7%91%d7%a1-%d7%9e%d7%a0%d7%93%d7%9c%d7%94-%d7%90%d7%9d-%d7%90%d7%aa%d7%94-%d7%9e%d7%90%d7%9e%d7%99%d7%9f-%d7%a9%d7%99%d7%9b%d7%95%d7%9c%d7%99%d7%9f/
11650,תמונת קנבס מנדלה &quot;ההתבודדות הוא מעלה גדולה ודרך נכון וישר מאד להתקרב להשם יתברך&quot; | במידה 30X30,Mandala_canvas_picture-15,30.0,30.0,ILS,False,0.0,0,"קנבסים מנדלות, תמונות קנבס",True,https://malevegadish.com/product/%d7%aa%d7%9e%d7%95%d7%a0%d7%aa-%d7%a7%d7%a0%d7%91%d7%a1-%d7%9e%d7%a0%d7%93%d7%9c%d7%94-%d7%91%d7%9e%d7%99%d7%93%d7%94-30x30/
11648,תמונת קנבס מנדלה &quot;הירידה היא תכלית העליה&quot; | במידה 30X30,Mandala_canvas_picture-14,30.0,30.0,ILS,False,0.0,0,"קנבסים מנדלות, תמונות קנבס",True,https://malevegadish.com/product/%d7%aa%d7%9e%d7%95%d7%a0%d7%aa-%d7%a7%d7%a0%d7%91%d7%a1-%d7%9e%d7%a0%d7%93%d7%9c%d7%94-%d7%94%d7%99%d7%a8%d7%99%d7%93%d7%94-%d7%94%d7%99%d7%90-%d7%aa%d7%9b%d7%9c%d7%99%d7%aa-%d7%94%d7%a2%d7%9c%d7%99/
11646,תמונת קנבס מנדלה &quot;המחשבה ביד האדם להטותה כרצונו למקום שהוא רוצה&quot; | במידה 30X30,Mandala_canvas_picture-13,30.0,30.0,ILS,False,0.0,0,"קנבסים מנדלות, תמונות קנבס",True,https://malevegadish.com/product/%d7%aa%d7%9e%d7%95%d7%a0%d7%aa-%d7%a7%d7%a0%d7%91%d7%a1-%d7%9e%d7%a0%d7%93%d7%9c%d7%94-%d7%94%d7%9e%d7%97%d7%a9%d7%91%d7%94-%d7%91%d7%99%d7%93-%d7%94%d7%90%d7%93%d7%9d-%d7%9c%d7%94%d7%98%d7%95%d7%aa/
11644,"תמונת קנבס מנדלה &quot;ואפלו בההסתרה שבתוך הסתרה, בודאי גם שם מלבש השם יתברך&quot; | במידה 30X30",Mandala_canvas_picture-12,30.0,30.0,ILS,False,0.0,0,"קנבסים מנדלות, תמונות קנבס",True,https://malevegadish.com/product/%d7%aa%d7%9e%d7%95%d7%a0%d7%aa-%d7%a7%d7%a0%d7%91%d7%a1-%d7%9e%d7%a0%d7%93%d7%9c%d7%94-%d7%95%d7%90%d7%a4%d7%9c%d7%95-%d7%91%d7%94%d7%94%d7%a1%d7%aa%d7%a8%d7%94-%d7%a9%d7%91%d7%aa%d7%95%d7%9a-%d7%94/
11641,"תמונת קנבס מנדלה &quot;ובאמת אין שום רע בעולם, רק כלו טוב&quot; | במידה 30X30",Mandala_canvas_picture-11,30.0,30.0,ILS,False,0.0,0,"קנבסים מנדלות, תמונות קנבס",True,https://malevegadish.com/product/%d7%aa%d7%9e%d7%95%d7%a0%d7%aa-%d7%a7%d7%a0%d7%91%d7%a1-%d7%9e%d7%a0%d7%93%d7%9c%d7%94-%d7%95%d7%91%d7%90%d7%9e%d7%aa-%d7%90%d7%99%d7%9f-%d7%a9%d7%95%d7%9d-%d7%a8%d7%a2-%d7%91%d7%a2%d7%95%d7%9c/
11639,תמונת קנבס מנדלה &quot;יש ענין שנתהפך הכל לטובה&quot; | במידה 30X30,Mandala_canvas_picture-10,30.0,30.0,ILS,False,0.0,0,"קנבסים מנדלות, תמונות קנבס",True,https://malevegadish.com/product/%d7%aa%d7%9e%d7%95%d7%a0%d7%aa-%d7%a7%d7%a0%d7%91%d7%a1-%d7%9e%d7%a0%d7%93%d7%9c%d7%94-%d7%99%d7%a9-%d7%a2%d7%a0%d7%99%d7%9f-%d7%a9%d7%a0%d7%aa%d7%94%d7%a4%d7%9a-%d7%94%d7%9b%d7%9c-%d7%9c%d7%98/
11637,תמונת קנבס מנדלה &quot;כל מצוה ומצוה שהאדם עושה בזה העולם נעשין מהם נרות&quot; | במידה 30X30,Mandala_canvas_picture-9,30.0,30.0,ILS,False,0.0,0,"קנבסים מנדלות, תמונות קנבס",True,https://malevegadish.com/product/%d7%aa%d7%9e%d7%95%d7%a0%d7%aa-%d7%a7%d7%a0%d7%91%d7%a1-%d7%9e%d7%a0%d7%93%d7%9c%d7%94-%d7%9b%d7%9c-%d7%9e%d7%a6%d7%95%d7%94-%d7%95%d7%9e%d7%a6%d7%95%d7%94-%d7%a9%d7%94%d7%90%d7%93%d7%9d-%d7%a2/
11635,"תמונת קנבס מנדלה &quot;כשאדם יודע שכל מארעותיו הם לטובתו, זאת הבחינה היא מעין עולם הבא&quot; | במידה 30X30",Mandala_canvas_picture-8,30.0,30.0,ILS,False,0.0,0,"קנבסים מנדלות, תמונות קנבס",True,https://malevegadish.com/product/%d7%aa%d7%9e%d7%95%d7%a0%d7%aa-%d7%a7%d7%a0%d7%91%d7%a1-%d7%9e%d7%a0%d7%93%d7%9c%d7%94-%d7%9b%d7%a9%d7%90%d7%93%d7%9d-%d7%99%d7%95%d7%93%d7%a2-%d7%a9%d7%9b%d7%9c-%d7%9e%d7%90%d7%a8%d7%a2%d7%95%d7%aa/
11633,"תמונת קנבס מנדלה &quot;מצוה גדולה להיות בשמחה תמיד, ולהתגבר להרחיק העצבות והמרה שחרה בכל כחו&quot; | במידה 30X30",Mandala_canvas_picture-7,30.0,30.0,ILS,False,0.0,0,"קנבסים מנדלות, תמונות קנבס",True,https://malevegadish.com/product/%d7%aa%d7%9e%d7%95%d7%a0%d7%aa-%d7%a7%d7%a0%d7%91%d7%a1-%d7%9e%d7%a0%d7%93%d7%9c%d7%94-%d7%9e%d7%a6%d7%95%d7%94-%d7%92%d7%93%d7%95%d7%9c%d7%94-%d7%9c%d7%94%d7%99%d7%95%d7%aa-%d7%91%d7%a9%d7%9e%d7%97/
11631,תמונת קנבס מנדלה &quot;על־ידי השמחה של שבת זוכה לחרות&quot; | במידה 30X30,Mandala_canvas_picture-6,30.0,30.0,ILS,False,0.0,0,"קנבסים מנדלות, תמונות קנבס",True,https://malevegadish.com/product/%d7%aa%d7%9e%d7%95%d7%a0%d7%aa-%d7%a7%d7%a0%d7%91%d7%a1-%d7%9e%d7%a0%d7%93%d7%9c%d7%94-%d7%a2%d7%9c%d6%be%d7%99%d7%93%d7%99-%d7%94%d7%a9%d7%9e%d7%97%d7%94-%d7%a9%d7%9c-%d7%a9%d7%91%d7%aa-%d7%96/
11629,תמונת קנבס מנדלה &quot;על־ידי למוד התורה נתקבלין כל התפלות וכל הבקשות&quot; | במידה 30X30,Mandala_canvas_picture-5,30.0,30.0,ILS,False,0.0,0,"קנבסים מנדלות, תמונות קנבס",True,https://malevegadish.com/product/%d7%aa%d7%9e%d7%95%d7%a0%d7%aa-%d7%a7%d7%a0%d7%91%d7%a1-%d7%9e%d7%a0%d7%93%d7%9c%d7%94-%d7%a2%d7%9c%d6%be%d7%99%d7%93%d7%99-%d7%9c%d7%9e%d7%95%d7%93-%d7%94%d7%aa%d7%95%d7%a8%d7%94-%d7%a0%d7%aa%d7%a7/
11627,תמונת קנבס מנדלה &quot;עקר העבודה הוא רק תמימות ופשיטות גמור&quot; | במידה 30X30,Mandala_canvas_picture-4,30.0,30.0,ILS,False,0.0,0,"קנבסים מנדלות, תמונות קנבס",True,https://malevegadish.com/product/%d7%aa%d7%9e%d7%95%d7%a0%d7%aa-%d7%a7%d7%a0%d7%91%d7%a1-%d7%9e%d7%a0%d7%93%d7%9c%d7%94-%d7%a2%d7%a7%d7%a8-%d7%94%d7%a2%d7%91%d7%95%d7%93%d7%94-%d7%94%d7%95%d7%90-%d7%a8%d7%a7-%d7%aa%d7%9e%d7%99/
11620,תמונת קנבס מנדלה &quot;עקר השלום הוא לחבר שני הפכים&quot; | במידה 30X30,Mandala_canvas_picture-3,30.0,30.0,ILS,False,0.0,0,"קנבסים מנדלות, תמונות קנבס",True,https://malevegadish.com/product/%d7%aa%d7%9e%d7%95%d7%a0%d7%aa-%d7%a7%d7%a0%d7%91%d7%a1-%d7%9e%d7%a0%d7%93%d7%9c%d7%94-%d7%a2%d7%a7%d7%a8-%d7%94%d7%a9%d7%9c%d7%95%d7%9d-%d7%94%d7%95%d7%90-%d7%9c%d7%97%d7%91%d7%a8-%d7%a9%d7%a0/
11617,תמונת קנבס מנדלה &quot;עקר התשובה כשישמע בזיונו ידם וישתק&quot; | במידה 30X30,Mandala_canvas_picture-2,30.0,30.0,ILS,False,0.0,0,"קנבסים מנדלות, תמונות קנבס",True,https://malevegadish.com/product/%d7%aa%d7%9e%d7%95%d7%a0%d7%aa-%d7%a7%d7%a0%d7%91%d7%a1-%d7%9e%d7%a0%d7%93%d7%9c%d7%94-%d7%a2%d7%a7%d7%a8-%d7%99%d7%a9%d7%95%d7%91-%d7%94%d7%93%d7%a2%d7%aa-%d7%94%d7%95%d7%90-%d7%a2%d7%9c-%d7%99/
11615,תמונת קנבס מנדלה &quot;צדקה הוא רפואה לכל המכות&quot; | במידה 30X30,Mandala_canvas_picture-1,30.0,30.0,ILS,False,0.0,0,"קנבסים מנדלות, תמונות קנבס",True,https://malevegadish.com/product/%d7%aa%d7%9e%d7%95%d7%a0%d7%aa-%d7%a7%d7%a0%d7%91%d7%a1-%d7%9e%d7%a0%d7%93%d7%9c%d7%94-%d7%a6%d7%93%d7%a7%d7%94-%d7%94%d7%95%d7%90-%d7%a8%d7%a4%d7%95%d7%90%d7%94-%d7%9c%d7%9b%d7%9c-%d7%94%d7%9e/
11584,קונטרס מעלת השתטחות על קברי הצדיקים,tikun_hishtathut-2,0.9,0.9,ILS,False,0.0,0,"חוברות, ליקוטים, מעלת השתטחות על קברי צדיקים, קונטרסים, קונטרסים כיס",True,https://malevegadish.com/product/%d7%a7%d7%95%d7%a0%d7%98%d7%a8%d7%a1-%d7%9e%d7%a2%d7%9c%d7%aa-%d7%94%d7%a9%d7%aa%d7%98%d7%97%d7%95%d7%aa-%d7%a2%d7%9c-%d7%a7%d7%91%d7%a8%d7%99-%d7%94%d7%a6%d7%93%d7%99%d7%a7%d7%99%d7%9d/
11581,תמונת קנבס מנדלה &quot;שמחה היא עולם החירות&quot; | במידה 30X30,Mandala_canvas_picture,30.0,30.0,ILS,False,0.0,0,"קנבסים מנדלות, תמונות קנבס",True,https://malevegadish.com/product/%d7%aa%d7%9e%d7%95%d7%a0%d7%aa-%d7%a7%d7%a0%d7%91%d7%a1-%d7%9e%d7%a0%d7%93%d7%9c%d7%94-%d7%a9%d7%9e%d7%97%d7%94-%d7%94%d7%99%d7%90-%d7%a2%d7%95%d7%9c%d7%aa-%d7%94%d7%97%d7%99%d7%a8%d7%95%d7%aa/
11569,תהילים &quot;ואני תפילה&quot; &#8211; למינציה מט,pock_color_tahalim_&quot;vani_tfila&quot;-1-2,10.0,10.0,ILS,False,0.0,0,"ואני תפילה, ספרים בינונים, ספרים שונים, תהילים, תהלים",True,https://malevegadish.com/product/%d7%aa%d7%94%d7%99%d7%9c%d7%99%d7%9d-%d7%95%d7%90%d7%a0%d7%99-%d7%aa%d7%a4%d7%99%d7%9c%d7%94-%d7%9c%d7%9e%d7%99%d7%a0%d7%a6%d7%99%d7%94-%d7%9e%d7%98/
11521,קונטרס מעלת השתטחות על קברי הצדיקים,tikun_hishtathut-1,0.9,0.9,ILS,False,0.0,0,"חוברות, ליקוטים, מעלת השתטחות על קברי צדיקים, קונטרסים, קונטרסים כיס",True,https://malevegadish.com/product/%d7%a7%d7%95%d7%a0%d7%98%d7%a8%d7%a1-%d7%9e%d7%a2%d7%9c%d7%aa-%d7%94%d7%a9%d7%aa%d7%98%d7%97%d7%95%d7%aa-%d7%a2%d7%9c-%d7%a7%d7%91%d7%a8%d7%99-%d7%94%d7%a6%d7%93%d7%99%d7%a7%d7%99%d7%9d-2/
11520,משחק הזיכרון &#8211; ”קברי צדיקים”,game_midot-2,9.0,9.0,ILS,False,0.0,0,"ילדים, משחק הזיכרון - ”קברי צדיקים”, משחקים",True,https://malevegadish.com/product/%d7%9e%d7%a9%d7%97%d7%a7-%d7%94%d7%96%d7%99%d7%9b%d7%a8%d7%95%d7%9f-%d7%a7%d7%91%d7%a8%d7%99-%d7%a6%d7%93%d7%99%d7%a7%d7%99%d7%9d-2/
11457,מבצע! חבילה 20 יחידות &#8211; תיק צד נ נח דמוי עור,Side_bag-2,200.0,200.0,ILS,False,0.0,0,"מוצרים נלווים, תיקים ארנקים ומזוודות",True,https://malevegadish.com/product/%d7%9e%d7%91%d7%a6%d7%a2-%d7%97%d7%91%d7%99%d7%9c%d7%94-20-%d7%99%d7%97%d7%99%d7%93%d7%95%d7%aa-%d7%aa%d7%99%d7%a7-%d7%a6%d7%93-%d7%a0-%d7%a0%d7%97-%d7%93%d7%9e%d7%95%d7%99-%d7%a2%d7%95%d7%a8/
11455,מבצע! חבילה 10 יחידות &#8211; תיק צד נ נח דמוי עור,Side_bag-1,150.0,150.0,ILS,False,0.0,0,"מוצרים נלווים, תיקים ארנקים ומזוודות",True,https://malevegadish.com/product/%d7%9e%d7%91%d7%a6%d7%a2-%d7%97%d7%91%d7%99%d7%9c%d7%94-10-%d7%99%d7%97%d7%99%d7%93%d7%95%d7%aa-%d7%aa%d7%99%d7%a7-%d7%a6%d7%93-%d7%a0-%d7%a0%d7%97-%d7%93%d7%9e%d7%95%d7%99-%d7%a2%d7%95%d7%a8/
11448,תיק גב איכותי,Backpack,50.0,50.0,ILS,False,0.0,0,"מוצרים נלווים, תיקים ארנקים ומזוודות",False,https://malevegadish.com/product/%d7%aa%d7%99%d7%a7-%d7%92%d7%91-%d7%90%d7%99%d7%9b%d7%95%d7%aa%d7%99/
11442,סיפורי מעשיות עם ביאורים &#8211; למינציה,sipuri_ma'ashiyot_im_biorim,12.0,12.0,ILS,False,0.0,0,"סיפורים ומשלים, ספר סיפורי מעשיות, ספרי רבי נחמן מברסלב, ספרים גדולים",True,https://malevegadish.com/product/%d7%a1%d7%99%d7%a4%d7%95%d7%a8%d7%99-%d7%9e%d7%a2%d7%a9%d7%99%d7%95%d7%aa-%d7%a2%d7%9d-%d7%91%d7%99%d7%90%d7%95%d7%a8%d7%99%d7%9d-%d7%9c%d7%9e%d7%99%d7%a0%d7%a6%d7%99%d7%94/
11370,קונטרס גאולת ישראל,geolet_yisral-1,0.9,0.9,ILS,False,0.0,0,"גאולת ישראל, חוברות, קונטרסים, קונטרסים כיס, תיקון הכללי",True,https://malevegadish.com/product/%d7%a7%d7%95%d7%a0%d7%98%d7%a8%d7%a1-%d7%92%d7%90%d7%95%d7%9c%d7%aa-%d7%99%d7%a9%d7%a8%d7%90%d7%9c-2/
11368,קונטרס חלוקי הנחל,conters_chluki_hanchal-3,0.9,0.9,ILS,False,0.0,0,"חוברות, חלוקי הנחל, קונטרסים, קונטרסים כיס",True,https://malevegadish.com/product/%d7%a7%d7%95%d7%a0%d7%98%d7%a8%d7%a1-%d7%97%d7%9c%d7%95%d7%a7%d7%99-%d7%94%d7%a0%d7%97%d7%9c-3/
11365,קונטרס חלוקי הנחל,conters_chluki_hanchal-2,0.9,0.9,ILS,False,0.0,0,"חוברות, חלוקי הנחל, קונטרסים, קונטרסים כיס",True,https://malevegadish.com/product/%d7%a7%d7%95%d7%a0%d7%98%d7%a8%d7%a1-%d7%97%d7%9c%d7%95%d7%a7%d7%99-%d7%94%d7%a0%d7%97%d7%9c-2/
11363,קונטרס גאולת ישראל,geolet_yisral,0.9,0.9,ILS,False,0.0,0,"גאולת ישראל, חוברות, קונטרסים, קונטרסים כיס, תיקון הכללי",True,https://malevegadish.com/product/%d7%a7%d7%95%d7%a0%d7%98%d7%a8%d7%a1-%d7%92%d7%90%d7%95%d7%9c%d7%aa-%d7%99%d7%a9%d7%a8%d7%90%d7%9c/
11352,אבנים טובות &#8211; התבודדות &#8211; שבו &#8211; גודל כיס,avnim tovot-shvu-1,8.0,8.0,ILS,False,0.0,0,"אבנים טובות, ליקוטים, ספרים מיוחדים, ציטוטים",False,https://malevegadish.com/product/%d7%90%d7%91%d7%a0%d7%99%d7%9d-%d7%98%d7%95%d7%91%d7%95%d7%aa-%d7%94%d7%aa%d7%91%d7%95%d7%93%d7%93%d7%95%d7%aa-%d7%a9%d7%91%d7%95-%d7%92%d7%95%d7%93%d7%9c-%d7%9b%d7%99%d7%a1/
11242,תיקון כללי “ישועת ישראל” &#8211; גודל כיס,tikun_yeshu'at_yisral,0.9,0.9,ILS,False,0.0,0,"אזמרה, חוברות, ישועת ישראל, ליקוטים, קונטרסים, קונטרסים כיס, תיקון הכללי",True,https://malevegadish.com/product/%d7%aa%d7%99%d7%a7%d7%95%d7%9f-%d7%9b%d7%9c%d7%9c%d7%99-%d7%99%d7%a9%d7%95%d7%a2%d7%aa-%d7%99%d7%a9%d7%a8%d7%90%d7%9c-%d7%92%d7%95%d7%93%d7%9c-%d7%9b%d7%99%d7%a1/
11197,ממעיני הישועה,mim'ini_hishu'a-1,4.5,4.5,ILS,False,0.0,0,"ממעיני הישועה, ספרי רבי נתן מברסלב, ספרי תלמידי ברסלב",True,https://malevegadish.com/product/%d7%9e%d7%9e%d7%a2%d7%99%d7%a0%d7%99-%d7%94%d7%99%d7%a9%d7%95%d7%a2%d7%94-2/
11195,ממעיני הישועה,mim'ini_hishu'a,4.5,4.5,ILS,False,0.0,0,"ממעיני הישועה, ספרי רבי נתן מברסלב, ספרי תלמידי ברסלב",True,https://malevegadish.com/product/%d7%9e%d7%9e%d7%a2%d7%99%d7%a0%d7%99-%d7%94%d7%99%d7%a9%d7%95%d7%a2%d7%94/
11193,תיקון הכללי &#8211; גודל כיס,tikon_haklali-2-1-1-1-4,0.4,0.4,ILS,False,0.0,0,"חוברות, קונטרסים, קונטרסים כיס, תיקון הכללי",True,https://malevegadish.com/product/%d7%aa%d7%99%d7%a7%d7%95%d7%9f-%d7%94%d7%9b%d7%9c%d7%9c%d7%99-%d7%92%d7%95%d7%93%d7%9c-%d7%9b%d7%99%d7%a1-11/
11187,תיקון הכללי &#8211; גודל כיס,tikon_haklali-2-1-1-1-3,0.4,0.4,ILS,False,0.0,0,"חוברות, קונטרסים, קונטרסים כיס, תיקון הכללי",True,https://malevegadish.com/product/%d7%aa%d7%99%d7%a7%d7%95%d7%9f-%d7%94%d7%9b%d7%9c%d7%9c%d7%99-%d7%92%d7%95%d7%93%d7%9c-%d7%9b%d7%99%d7%a1-10/
11136,קונטרס בעל השדה,conters-be'el-hashada-1,0.9,0.9,ILS,False,0.0,0,"בעל השדה, חוברות, קונטרסים, קונטרסים כיס",True,https://malevegadish.com/product/%d7%a7%d7%95%d7%a0%d7%98%d7%a8%d7%a1-%d7%91%d7%a2%d7%9c-%d7%94%d7%a9%d7%93%d7%94-2/
11126,קונטרס בעל השדה,conters-be'el-hashada,0.9,0.9,ILS,False,0.0,0,"בעל השדה, חוברות, קונטרסים, קונטרסים כיס",True,https://malevegadish.com/product/%d7%a7%d7%95%d7%a0%d7%98%d7%a8%d7%a1-%d7%91%d7%a2%d7%9c-%d7%94%d7%a9%d7%93%d7%94/
11125,ליקוטי מוהר&quot;ן,pock_mandala_likutey-2,15.0,15.0,ILS,False,0.0,0,"ספר ליקוטי מוהר""ן, ספרי רבי נחמן מברסלב",False,https://malevegadish.com/product/%d7%9c%d7%99%d7%a7%d7%95%d7%98%d7%99-%d7%9e%d7%95%d7%94%d7%a8%d7%9f-2/
10984,לקוטי תפילות &#8211; מהדורת שבת,lekoti_tfilot-mehadoret_shevet,16.0,16.0,ILS,False,0.0,0,"ספר ליקוטי תפילות, ספרי רבי נתן מברסלב, ספרים בינונים",True,https://malevegadish.com/product/%d7%9c%d7%a7%d7%95%d7%98%d7%99-%d7%aa%d7%a4%d7%99%d7%9c%d7%95%d7%aa-%d7%9e%d7%94%d7%93%d7%95%d7%a8%d7%aa-%d7%a9%d7%91%d7%aa/
10975,סט 7 חוברות &#8211; סיפורי ברסלב לילדים,st_7_hovrot-sipuri_berselev_lildim,12.0,12.0,ILS,False,0.0,0,"ילדים, סטים להפצה, סטים ספרי ברסלב, ספרי ילדים ברסלב",True,https://malevegadish.com/product/%d7%a1%d7%98-7-%d7%97%d7%95%d7%91%d7%a8%d7%95%d7%aa-%d7%a1%d7%99%d7%a4%d7%95%d7%a8%d7%99-%d7%91%d7%a8%d7%a1%d7%9c%d7%91-%d7%9c%d7%99%d7%9c%d7%93%d7%99%d7%9d/
10848,תיקון הכללי &#8211; גודל כיס,tikon_haklali-2-1-1-1-2,0.4,0.4,ILS,False,0.0,0,"חוברות, קונטרסים, קונטרסים - הוצאת בחינות, קונטרסים כיס, תיקון הכללי",False,https://malevegadish.com/product/%d7%aa%d7%99%d7%a7%d7%95%d7%9f-%d7%94%d7%9b%d7%9c%d7%9c%d7%99-%d7%92%d7%95%d7%93%d7%9c-%d7%9b%d7%99%d7%a1-9/
10751,סיפורי מעשיות (עם משלים) למינציה,sipuri_ma'ashiyot_(im_mishlim),12.0,12.0,ILS,False,0.0,0,"סיפורים ומשלים, ספר סיפורי מעשיות, ספרי רבי נחמן מברסלב, ספרים גדולים",False,https://malevegadish.com/product/%d7%a1%d7%99%d7%a4%d7%95%d7%a8%d7%99-%d7%9e%d7%a2%d7%a9%d7%99%d7%95%d7%aa-%d7%a2%d7%9d-%d7%9e%d7%a9%d7%9c%d7%99%d7%9d-%d7%9c%d7%9e%d7%99%d7%a0%d7%a6%d7%99%d7%94/
10747,שיחות הר”ן למינציה,shichot_har”han,12.0,12.0,ILS,False,0.0,0,"ספר שיחות הר""ן, ספרי רבי נתן מברסלב, ספרים גדולים",False,https://malevegadish.com/product/%d7%a9%d7%99%d7%97%d7%95%d7%aa-%d7%94%d7%a8%d7%9f-%d7%9c%d7%9e%d7%99%d7%a0%d7%a6%d7%99%d7%94/
10741,ספר המידות למינציה,sper_hamidot,12.0,12.0,ILS,False,0.0,0,"ספר המידות, ספרי רבי נחמן מברסלב, ספרים גדולים",True,https://malevegadish.com/product/%d7%a1%d7%a4%d7%a8-%d7%94%d7%9e%d7%99%d7%93%d7%95%d7%aa-%d7%9c%d7%9e%d7%99%d7%a0%d7%a6%d7%99%d7%94/
10736,קונטרס מאמרי יום הכיפורים &#8211; ספר יונה הנביא,me'amri yum hakipurim &#8211; sper yona hanavi,3.0,3.0,ILS,False,0.0,0,"קונטרס מאמרי יום הכיפורים - ספר יונה הנביא, קונטרסים, קונטרסים בינונים",True,https://malevegadish.com/product/%d7%a7%d7%95%d7%a0%d7%98%d7%a8%d7%a1-%d7%9e%d7%90%d7%9e%d7%a8%d7%99-%d7%99%d7%95%d7%9d-%d7%94%d7%9b%d7%99%d7%a4%d7%95%d7%a8%d7%99%d7%9d-%d7%a1%d7%a4%d7%a8-%d7%99%d7%95%d7%a0%d7%94-%d7%94%d7%a0%d7%91/
10730,קונטרס שירת החיים של ברסלב,shirat_hachi'im_shel_berselev,2.0,2.0,ILS,False,0.0,0,"קונטרס שירת החיים של ברסלב, קונטרסים, קונטרסים בינונים",True,https://malevegadish.com/product/%d7%a7%d7%95%d7%a0%d7%98%d7%a8%d7%a1-%d7%a9%d7%99%d7%a8%d7%aa-%d7%94%d7%97%d7%99%d7%99%d7%9d-%d7%a9%d7%9c-%d7%91%d7%a8%d7%a1%d7%9c%d7%91/
10728,קונטרס מעשה מחיגר עם תיקון הכללי,mease_mechiger,0.9,0.9,ILS,False,0.0,0,"חוברות, קונטרסים, קונטרסים כיס",True,https://malevegadish.com/product/%d7%a7%d7%95%d7%a0%d7%98%d7%a8%d7%a1-%d7%9e%d7%a2%d7%a9%d7%94-%d7%9e%d7%97%d7%99%d7%92%d7%a8-%d7%a2%d7%9d-%d7%aa%d7%99%d7%a7%d7%95%d7%9f-%d7%94%d7%9b%d7%9c%d7%9c%d7%99/
10674,אבנים טובות &#8211; תורות ותפילות &#8211; ברקת &#8211; גודל כיס,avnim tovot-barket,8.0,8.0,ILS,False,0.0,0,"אבנים טובות, ליקוטים, ספרים מיוחדים, ציטוטים",True,https://malevegadish.com/product/%d7%90%d7%91%d7%a0%d7%99%d7%9d-%d7%98%d7%95%d7%91%d7%95%d7%aa-%d7%aa%d7%95%d7%a8%d7%95%d7%aa-%d7%95%d7%aa%d7%a4%d7%99%d7%9c%d7%95%d7%aa-%d7%91%d7%a8%d7%a7%d7%aa-%d7%92%d7%95%d7%93%d7%9c-%d7%9b/
10571,ליקוטי עצות,pock_mandala_etzot-1,6.0,6.0,ILS,False,0.0,0,"ספר ליקוטי עצות, ספרי רבי נחמן מברסלב",True,https://malevegadish.com/product/%d7%9c%d7%99%d7%a7%d7%95%d7%98%d7%99-%d7%a2%d7%a6%d7%95%d7%aa-2/
10560,תיקון הכללי &#8211; גודל כיס,tikon_haklali-2-1-1-1,0.4,0.4,ILS,False,0.0,0,"חוברות, קונטרסים, קונטרסים - הוצאת בחינות, קונטרסים כיס, תיקון הכללי",False,https://malevegadish.com/product/%d7%aa%d7%99%d7%a7%d7%95%d7%9f-%d7%94%d7%9b%d7%9c%d7%9c%d7%99-%d7%92%d7%95%d7%93%d7%9c-%d7%9b%d7%99%d7%a1-7/
10558,תיקון הכללי &#8211; גודל כיס,tikon_haklali-2-1-1,0.4,0.4,ILS,False,0.0,0,"חוברות, קונטרסים, קונטרסים - הוצאת בחינות, קונטרסים כיס, תיקון הכללי",False,https://malevegadish.com/product/%d7%aa%d7%99%d7%a7%d7%95%d7%9f-%d7%94%d7%9b%d7%9c%d7%9c%d7%99-%d7%92%d7%95%d7%93%d7%9c-%d7%9b%d7%99%d7%a1-6/
10556,תיקון הכללי &#8211; גודל כיס,tikon_haklali-2-1,0.4,0.4,ILS,False,0.0,0,"חוברות, קונטרסים, קונטרסים - הוצאת בחינות, קונטרסים כיס, תיקון הכללי",False,https://malevegadish.com/product/%d7%aa%d7%99%d7%a7%d7%95%d7%9f-%d7%94%d7%9b%d7%9c%d7%9c%d7%99-%d7%92%d7%95%d7%93%d7%9c-%d7%9b%d7%99%d7%a1-5/
10549,תיקון הכללי &#8211; גודל כיס,tikon_haklali-2,0.4,0.4,ILS,False,0.0,0,"חוברות, קונטרסים, קונטרסים - הוצאת בחינות, קונטרסים כיס, תיקון הכללי",False,https://malevegadish.com/product/%d7%aa%d7%99%d7%a7%d7%95%d7%9f-%d7%94%d7%9b%d7%9c%d7%9c%d7%99-%d7%92%d7%95%d7%93%d7%9c-%d7%9b%d7%99%d7%a1-4/
10468,קונטרס שיחה מרבי ישראל,conters-shicha-marbi-yisral-1,0.9,0.9,ILS,False,0.0,0,"חוברות, קונטרסים, קונטרסים כיס",True,https://malevegadish.com/product/%d7%a7%d7%95%d7%a0%d7%98%d7%a8%d7%a1-%d7%a9%d7%99%d7%97%d7%94-%d7%9e%d7%a8%d7%91%d7%99-%d7%99%d7%a9%d7%a8%d7%90%d7%9c/
10420,תיק נשיאה/טרולי,Carrying/trolley repair-1,60.0,60.0,ILS,False,0.0,0,"מוצרים נלווים, תיקים ארנקים ומזוודות",True,https://malevegadish.com/product/%d7%aa%d7%99%d7%a7-%d7%a0%d7%a9%d7%99%d7%90%d7%94-%d7%98%d7%a8%d7%95%d7%9c%d7%99/
10388,משחק הזיכרון &#8211; ”מידות”,game_midot-1,9.0,9.0,ILS,False,0.0,0,"ילדים, משחק הזיכרון - ”מידות”, משחק המידות, משחקים",True,https://malevegadish.com/product/%d7%9e%d7%a9%d7%97%d7%a7-%d7%94%d7%96%d7%99%d7%9b%d7%a8%d7%95%d7%9f-%d7%9e%d7%99%d7%93%d7%95%d7%aa/
10250,ליקוטי תפילות לנשים,likoti_tfilot_linshim,17.0,17.0,ILS,False,0.0,0,"ספר ליקוטי תפילות, ספרי רבי נתן מברסלב, ספרים גדולים",False,https://malevegadish.com/product/%d7%9c%d7%99%d7%a7%d7%95%d7%98%d7%99-%d7%aa%d7%a4%d7%99%d7%9c%d7%95%d7%aa-%d7%9c%d7%a0%d7%a9%d7%99%d7%9d/
10240,תיקון הכללי &#8211; עם ליקוט גאולה שלמה,tikun_geulash-1,0.9,0.9,ILS,False,0.0,0,"חוברות, ליקוט גאולה שלמה, ליקוטים, קונטרסים, קונטרסים כיס, תיקון הכללי",True,https://malevegadish.com/product/%d7%aa%d7%99%d7%a7%d7%95%d7%9f-%d7%94%d7%9b%d7%9c%d7%9c%d7%99-%d7%a2%d7%9d-%d7%9c%d7%99%d7%a7%d7%95%d7%98-%d7%92%d7%90%d7%95%d7%9c%d7%94-%d7%a9%d7%9c%d7%9e%d7%94-2/
10121,תיקון הכללי &#8211; גודל כיס,tikon_haklali-1-1,0.4,0.4,ILS,False,5.0,1,"חוברות, קונטרסים, קונטרסים - הוצאת בחינות, קונטרסים כיס, תיקון הכללי",False,https://malevegadish.com/product/%d7%aa%d7%99%d7%a7%d7%95%d7%9f-%d7%94%d7%9b%d7%9c%d7%9c%d7%99-%d7%92%d7%95%d7%93%d7%9c-%d7%9b%d7%99%d7%a1-3/
10119,תיקון הכללי &#8211; גודל כיס,tikon_haklali-1,0.4,0.4,ILS,False,5.0,1,"חוברות, קונטרסים, קונטרסים - הוצאת בחינות, קונטרסים כיס, תיקון הכללי",False,https://malevegadish.com/product/%d7%aa%d7%99%d7%a7%d7%95%d7%9f-%d7%94%d7%9b%d7%9c%d7%9c%d7%99-%d7%92%d7%95%d7%93%d7%9c-%d7%9b%d7%99%d7%a1-2/
10114,תיקון הכללי &#8211; גודל כיס,tikon_haklali,0.4,0.4,ILS,False,0.0,0,"חוברות, קונטרסים, קונטרסים - הוצאת בחינות, קונטרסים כיס, תיקון הכללי",False,https://malevegadish.com/product/%d7%aa%d7%99%d7%a7%d7%95%d7%9f-%d7%94%d7%9b%d7%9c%d7%9c%d7%99-%d7%92%d7%95%d7%93%d7%9c-%d7%9b%d7%99%d7%a1/
10104,קונטרס ליקוטי תפילות לשבת,likoti_tfilot_leshevet,0.7,0.7,ILS,False,5.0,1,"חוברות, קונטרסים, קונטרסים - הוצאת בחינות, קונטרסים כיס",False,https://malevegadish.com/product/%d7%a7%d7%95%d7%a0%d7%98%d7%a8%d7%a1-%d7%9c%d7%99%d7%a7%d7%95%d7%98%d7%99-%d7%aa%d7%a4%d7%99%d7%9c%d7%95%d7%aa-%d7%9c%d7%a9%d7%91%d7%aa/
10102,קונטרס נפש מתגעגעת,nifsh_mitga'agat,0.7,0.7,ILS,False,5.0,1,"חוברות, קונטרסים, קונטרסים - הוצאת בחינות, קונטרסים כיס",True,https://malevegadish.com/product/%d7%a7%d7%95%d7%a0%d7%98%d7%a8%d7%a1-%d7%a0%d7%a4%d7%a9-%d7%9e%d7%aa%d7%92%d7%a2%d7%92%d7%a2%d7%aa/
10099,קונטרס עצות לתשובה,atzot_letashuva,0.4,0.4,ILS,False,0.0,0,"חוברות, קונטרסים, קונטרסים - הוצאת בחינות, קונטרסים כיס",True,https://malevegadish.com/product/%d7%a7%d7%95%d7%a0%d7%98%d7%a8%d7%a1-%d7%a2%d7%a6%d7%95%d7%aa-%d7%9c%d7%aa%d7%a9%d7%95%d7%91%d7%94/
10097,קונטרס מעשה מבטחון,mease_mivtachon,0.4,0.4,ILS,False,5.0,1,"חוברות, קונטרסים, קונטרסים - הוצאת בחינות, קונטרסים כיס",True,https://malevegadish.com/product/%d7%a7%d7%95%d7%a0%d7%98%d7%a8%d7%a1-%d7%9e%d7%a2%d7%a9%d7%94-%d7%9e%d7%91%d7%98%d7%97%d7%95%d7%9f/
10095,קונטרס אחד היה אברהם,achad_haya_avrahem,0.4,0.4,ILS,False,5.0,1,"חוברות, קונטרסים, קונטרסים - הוצאת בחינות, קונטרסים כיס",False,https://malevegadish.com/product/%d7%a7%d7%95%d7%a0%d7%98%d7%a8%d7%a1-%d7%90%d7%97%d7%93-%d7%94%d7%99%d7%94-%d7%90%d7%91%d7%a8%d7%94%d7%9d/
10093,קונטרס התבודדות,hitbodedot,0.4,0.4,ILS,False,5.0,1,"חוברות, קונטרסים, קונטרסים - הוצאת בחינות, קונטרסים כיס",True,https://malevegadish.com/product/%d7%a7%d7%95%d7%a0%d7%98%d7%a8%d7%a1-%d7%94%d7%aa%d7%91%d7%95%d7%93%d7%93%d7%95%d7%aa/
10082,קונטרס רפואה שלמה,refu'a_shalma,0.4,0.4,ILS,False,0.0,0,"חוברות, קונטרסים, קונטרסים - הוצאת בחינות, קונטרסים כיס",True,https://malevegadish.com/product/%d7%a7%d7%95%d7%a0%d7%98%d7%a8%d7%a1-%d7%a8%d7%a4%d7%95%d7%90%d7%94-%d7%a9%d7%9c%d7%9e%d7%94/
10056,מכתבי רבי ישראל קרדונר,mechtavi_ravi_yisral_kardoner-1-1,2.0,2.0,ILS,False,0.0,0,"מכתבי רבי ישראל קרדונר, קונטרסים, קונטרסים בינונים",True,https://malevegadish.com/product/%d7%9e%d7%9b%d7%aa%d7%91%d7%99-%d7%a8%d7%91%d7%99-%d7%99%d7%a9%d7%a8%d7%90%d7%9c-%d7%a7%d7%a8%d7%93%d7%95%d7%a0%d7%a8-2/
10055,סיפורי מעשיות &#8211; סיפורים ומשלים &#8211; גודל בינוני,sipuri_ma'ashiyot-1,8.0,8.0,ILS,False,0.0,0,"ספר סיפורי מעשיות, ספרים בינונים",True,https://malevegadish.com/product/%d7%a1%d7%99%d7%a4%d7%95%d7%a8%d7%99-%d7%9e%d7%a2%d7%a9%d7%99%d7%95%d7%aa-%d7%a1%d7%99%d7%a4%d7%95%d7%a8%d7%99%d7%9d-%d7%95%d7%9e%d7%a9%d7%9c%d7%99%d7%9d-%d7%92%d7%95%d7%93%d7%9c-%d7%91%d7%99/
10050,מכתבי רבי ישראל קרדונר,mechtavi_ravi_yisral_kardoner-1,2.0,2.0,ILS,False,0.0,0,"מכתבי רבי ישראל קרדונר, קונטרסים, קונטרסים בינונים",True,https://malevegadish.com/product/%d7%9e%d7%9b%d7%aa%d7%91%d7%99-%d7%a8%d7%91%d7%99-%d7%99%d7%a9%d7%a8%d7%90%d7%9c-%d7%a7%d7%a8%d7%93%d7%95%d7%a0%d7%a8/
10014,סיפורי מעשיות עם אידיש (כתבי הנחל),kitveyh_sipuri_ma'ashiyot_im_idish-1,16.0,16.0,ILS,False,0.0,0,"הוצאת ""כתבי הנחל"", ספר סיפורי מעשיות, ספרי רבי נחמן מברסלב, ספרים גדולים",True,https://malevegadish.com/product/%d7%a1%d7%99%d7%a4%d7%95%d7%a8%d7%99-%d7%9e%d7%a2%d7%a9%d7%99%d7%95%d7%aa-%d7%a2%d7%9d-%d7%90%d7%99%d7%93%d7%99%d7%a9-%d7%9b%d7%aa%d7%91%d7%99-%d7%94%d7%a0%d7%97%d7%9c/
9811,כובע עם רקמה נ נח במגוון צבעים,kova im rakma na nach bemigvan tsbaim,15.0,15.0,ILS,False,0.0,0,מוצרים נלווים,True,https://malevegadish.com/product/%d7%9b%d7%95%d7%91%d7%a2-%d7%a2%d7%9d-%d7%a8%d7%a7%d7%9e%d7%94-%d7%a0-%d7%a0%d7%97-%d7%91%d7%9e%d7%92%d7%95%d7%95%d7%9f-%d7%a6%d7%91%d7%a2%d7%99%d7%9d/
9804,ספל נ נח במגוון צבעים,spel na nach bemigvan tsbaim,5.0,5.0,ILS,False,0.0,0,מוצרים נלווים,True,https://malevegadish.com/product/%d7%a1%d7%a4%d7%9c-%d7%a0-%d7%a0%d7%97-%d7%91%d7%9e%d7%92%d7%95%d7%95%d7%9f-%d7%a6%d7%91%d7%a2%d7%99%d7%9d/
9798,תיק צד נ נח עור אמיתי,tik tzed na nach or amiti,100.0,100.0,ILS,False,0.0,0,"מוצרים נלווים, תיקים ארנקים ומזוודות",True,https://malevegadish.com/product/%d7%aa%d7%99%d7%a7-%d7%a6%d7%93-%d7%a0-%d7%a0%d7%97-%d7%a2%d7%95%d7%a8-%d7%90%d7%9e%d7%99%d7%aa%d7%99/
9761,סט ליקוטי הלכות – 8 כרכים גודל גדול למינציה &#8211; &quot;כתבי הנחל&quot;,halachot-1-1,115.0,115.0,ILS,False,5.0,1,"הוצאת ""כתבי הנחל"", סטים ספרי ברסלב, ספר ליקוטי הלכות, ספרי רבי נתן מברסלב, ספרים גדולים",True,https://malevegadish.com/product/%d7%a1%d7%98-%d7%9c%d7%99%d7%a7%d7%95%d7%98%d7%99-%d7%94%d7%9c%d7%9b%d7%95%d7%aa-8-%d7%9b%d7%a8%d7%9b%d7%99%d7%9d-%d7%92%d7%95%d7%93%d7%9c-%d7%92%d7%93%d7%95%d7%9c-%d7%9c%d7%9e%d7%99%d7%a0/
9725,ארנק נ נח דמוי עור עם קמע,wallet,10.0,10.0,ILS,False,0.0,0,"מוצרים נלווים, תיקים ארנקים ומזוודות",True,https://malevegadish.com/product/%d7%90%d7%a8%d7%a0%d7%a7-%d7%a0-%d7%a0%d7%97-%d7%93%d7%9e%d7%95%d7%99-%d7%a2%d7%95%d7%a8-%d7%a2%d7%9d-%d7%a7%d7%9e%d7%a2/
9723,תיקון הכללי לילדים,tikon_haklali_kids-1,8.0,8.0,ILS,False,5.0,2,"ילדים, ספרי ילדים ברסלב, תיקון הכללי, תיקון הכללי לילדים",True,https://malevegadish.com/product/%d7%aa%d7%99%d7%a7%d7%95%d7%9f-%d7%94%d7%9b%d7%9c%d7%9c%d7%99-%d7%9c%d7%99%d7%9c%d7%93%d7%99%d7%9d/
9715,קונטרס התחדשות,hitchadshot-1-1,2.0,2.0,ILS,False,0.0,0,"קונטרס התחדשות, קונטרסים, קונטרסים בינונים",True,https://malevegadish.com/product/%d7%a7%d7%95%d7%a0%d7%98%d7%a8%d7%a1-%d7%94%d7%aa%d7%97%d7%93%d7%a9%d7%95%d7%aa-2/
9708,קונטרס שמות הצדיקים,conters_shmot hatzdikim-1-1,1.8,1.8,ILS,False,5.0,1,"חוברות, קונטרסים, קונטרסים כיס, שמות הצדיקים",True,https://malevegadish.com/product/%d7%a7%d7%95%d7%a0%d7%98%d7%a8%d7%a1-%d7%a9%d7%9e%d7%95%d7%aa-%d7%94%d7%a6%d7%93%d7%99%d7%a7%d7%99%d7%9d-2/
9702,תיקון הכללי &quot;אזמרה&quot; &#8211; גודל כיס,tikun_azamra1-1,0.9,0.9,ILS,False,5.0,1,"אזמרה, חוברות, ליקוטים, קונטרסים, קונטרסים כיס, תיקון הכללי",True,https://malevegadish.com/product/%d7%aa%d7%99%d7%a7%d7%95%d7%9f-%d7%94%d7%9b%d7%9c%d7%9c%d7%99-%d7%90%d7%96%d7%9e%d7%a8%d7%94-%d7%92%d7%95%d7%93%d7%9c-%d7%9b%d7%99%d7%a1-2/
9700,תיק צד נ נח דמוי עור,Side_bag,25.0,25.0,ILS,False,0.0,0,"מוצרים נלווים, תיקים ארנקים ומזוודות",True,https://malevegadish.com/product/%d7%aa%d7%99%d7%a7-%d7%a6%d7%93-%d7%a0-%d7%a0%d7%97-%d7%93%d7%9e%d7%95%d7%99-%d7%a2%d7%95%d7%a8/
9699,קונטרס התחדשות,hitchadshot-1,2.0,2.0,ILS,False,0.0,0,"קונטרס התחדשות, קונטרסים, קונטרסים בינונים",True,https://malevegadish.com/product/%d7%a7%d7%95%d7%a0%d7%98%d7%a8%d7%a1-%d7%94%d7%aa%d7%97%d7%93%d7%a9%d7%95%d7%aa/
9698,קונטרס שמות הצדיקים,conters_shmot hatzdikim-1,1.8,1.8,ILS,False,0.0,0,"חוברות, קונטרסים, קונטרסים כיס, שמות הצדיקים",True,https://malevegadish.com/product/%d7%a7%d7%95%d7%a0%d7%98%d7%a8%d7%a1-%d7%a9%d7%9e%d7%95%d7%aa-%d7%94%d7%a6%d7%93%d7%99%d7%a7%d7%99%d7%9d/
9465,תהילים &quot;ואני תפילה&quot; &#8211; סקאי חום,pock_color_tahalim_&quot;vani_tfila&quot;-1-1,11.0,11.0,ILS,False,5.0,1,"ואני תפילה, ספרים בינונים, ספרים שונים, תהילים, תהלים",True,https://malevegadish.com/product/%d7%aa%d7%94%d7%99%d7%9c%d7%99%d7%9d-%d7%95%d7%90%d7%a0%d7%99-%d7%aa%d7%a4%d7%99%d7%9c%d7%94-%d7%a1%d7%a7%d7%90%d7%99-%d7%97%d7%95%d7%9d/
9462,תהילים שמות הצדיקים &#8211; למינציה &#8211; גודל בינוני,tehilim-1,9.0,9.0,ILS,False,0.0,0,"ספרים בינונים, שמות הצדיקים, תהילים, תהלים",True,https://malevegadish.com/product/%d7%aa%d7%94%d7%99%d7%9c%d7%99%d7%9d-%d7%a9%d7%9e%d7%95%d7%aa-%d7%94%d7%a6%d7%93%d7%99%d7%a7%d7%99%d7%9d-%d7%9c%d7%9e%d7%99%d7%a0%d7%a6%d7%99%d7%94-%d7%92%d7%95%d7%93%d7%9c-%d7%91%d7%99%d7%a0-2/
9453,תיקון הכללי &quot;ישועת ישראל&quot; &#8211; גודל גדול,tikon haklali &quot;yeshu'at yisral&quot; &#8211; godel gdul,2.5,2.5,ILS,False,5.0,1,"חוברות, ישועת ישראל, ליקוטים, קונטרסים, קונטרסים גדולים, תיקון הכללי",False,https://malevegadish.com/product/%d7%aa%d7%99%d7%a7%d7%95%d7%9f-%d7%94%d7%9b%d7%9c%d7%9c%d7%99-%d7%99%d7%a9%d7%95%d7%a2%d7%aa-%d7%99%d7%a9%d7%a8%d7%90%d7%9c-%d7%92%d7%95%d7%93%d7%9c-%d7%92%d7%93%d7%95%d7%9c-4/
9445,תהילים שמות הצדיקים &#8211; למינציה &#8211; גודל בינוני,tehilim,9.0,9.0,ILS,False,0.0,0,"ספרים בינונים, שמות הצדיקים, תהילים, תהלים",False,https://malevegadish.com/product/%d7%aa%d7%94%d7%99%d7%9c%d7%99%d7%9d-%d7%a9%d7%9e%d7%95%d7%aa-%d7%94%d7%a6%d7%93%d7%99%d7%a7%d7%99%d7%9d-%d7%9c%d7%9e%d7%99%d7%a0%d7%a6%d7%99%d7%94-%d7%92%d7%95%d7%93%d7%9c-%d7%91%d7%99%d7%a0/
9444,כוכבי אור &#8211; למינציה &#8211; גודל בינוני,kochvi or,9.0,9.0,ILS,False,5.0,1,"ספרי תלמידי ברסלב, ספרים בינונים",True,https://malevegadish.com/product/%d7%9b%d7%95%d7%9b%d7%91%d7%99-%d7%90%d7%95%d7%a8-%d7%9c%d7%9e%d7%99%d7%a0%d7%a6%d7%99%d7%94-%d7%92%d7%95%d7%93%d7%9c-%d7%91%d7%99%d7%a0%d7%95%d7%a0%d7%99/
8703,פאזל &quot;גדולה תפלה ממעשים טובים&quot; &#8211; 99 חלקים,pazel-9,9.0,9.0,ILS,False,0.0,0,"ילדים, פאזלים",True,https://malevegadish.com/product/%d7%a4%d7%90%d7%96%d7%9c-%d7%92%d7%93%d7%95%d7%9c%d7%94-%d7%aa%d7%a4%d7%9c%d7%94-%d7%9e%d7%9e%d7%a2%d7%a9%d7%99%d7%9d-%d7%98%d7%95%d7%91%d7%99%d7%9d-99-%d7%97%d7%9c%d7%a7%d7%99%d7%9d/
8702,פאזל &quot;על-ידי זמר תבוא לידי שמחה והתלהבות&quot; &#8211; 99 חלקים,pazel-8,9.0,9.0,ILS,False,0.0,0,"ילדים, פאזלים",True,https://malevegadish.com/product/%d7%a4%d7%90%d7%96%d7%9c-%d7%a2%d7%9c-%d7%99%d7%93%d7%99-%d7%96%d7%9e%d7%a8-%d7%aa%d7%91%d7%95%d7%90-%d7%9c%d7%99%d7%93%d7%99-%d7%a9%d7%9e%d7%97%d7%94-%d7%95%d7%94%d7%aa%d7%9c%d7%94%d7%91%d7%95%d7%aa/
8701,פאזל &quot;גדולה צדקה שמקרבת את הגאולה&quot; &#8211; 99 חלקים,pazel-7,9.0,9.0,ILS,False,0.0,0,"ילדים, פאזלים",True,https://malevegadish.com/product/%d7%a4%d7%90%d7%96%d7%9c-%d7%92%d7%93%d7%95%d7%9c%d7%94-%d7%a6%d7%93%d7%a7%d7%94-%d7%a9%d7%9e%d7%a7%d7%a8%d7%91%d7%aa-%d7%90%d7%aa-%d7%94%d7%92%d7%90%d7%95%d7%9c%d7%94-99-%d7%97%d7%9c%d7%a7%d7%99/
8700,פאזל &quot;כל העולם כולו תלוי בראש השנה שלי&quot; &#8211; 99 חלקים,pazel-6,9.0,9.0,ILS,False,0.0,0,"ילדים, פאזלים",True,https://malevegadish.com/product/%d7%a4%d7%90%d7%96%d7%9c-%d7%9b%d7%9c-%d7%94%d7%a2%d7%95%d7%9c%d7%9d-%d7%9b%d7%95%d7%9c%d7%95-%d7%aa%d7%9c%d7%95%d7%99-%d7%91%d7%a8%d7%90%d7%a9-%d7%94%d7%a9%d7%a0%d7%94-%d7%a9%d7%9c%d7%99-99/
8699,פאזל &quot;צריך כל אדם לדבר עם חברו ביראת שמים&quot; &#8211; 99 חלקים,pazel-5,9.0,9.0,ILS,False,0.0,0,"ילדים, פאזלים",True,https://malevegadish.com/product/%d7%a4%d7%90%d7%96%d7%9c-%d7%a6%d7%a8%d7%99%d7%9a-%d7%9b%d7%9c-%d7%90%d7%93%d7%9d-%d7%9c%d7%93%d7%91%d7%a8-%d7%a2%d7%9d-%d7%97%d7%91%d7%a8%d7%95-%d7%91%d7%99%d7%a8%d7%90%d7%aa-%d7%a9%d7%9e%d7%99/
8698,פאזל &quot;מצוה גדולה להיות בשמחה תמיד&quot; &#8211; 50 חלקים,pazel-4,9.0,9.0,ILS,False,0.0,0,"ילדים, פאזלים",True,https://malevegadish.com/product/%d7%a4%d7%90%d7%96%d7%9c-%d7%9e%d7%a6%d7%95%d7%94-%d7%92%d7%93%d7%95%d7%9c%d7%94-%d7%9c%d7%94%d7%99%d7%95%d7%aa-%d7%91%d7%a9%d7%9e%d7%97%d7%94-%d7%aa%d7%9e%d7%99%d7%93-50-%d7%97%d7%9c%d7%a7%d7%99/
8697,פאזל &quot;על-ידי לימוד בעיון יוכל להתפלל&quot; &#8211; 50 חלקים,pazel-3,9.0,9.0,ILS,False,0.0,0,"ילדים, פאזלים",True,https://malevegadish.com/product/%d7%a4%d7%90%d7%96%d7%9c-%d7%a2%d7%9c-%d7%99%d7%93%d7%99-%d7%9c%d7%99%d7%9e%d7%95%d7%93-%d7%91%d7%a2%d7%99%d7%95%d7%9f-%d7%99%d7%95%d7%9b%d7%9c-%d7%9c%d7%94%d7%aa%d7%a4%d7%9c%d7%9c-50-%d7%97%d7%9c/
8696,"פאזל &quot;מי שהוא שמח תמיד, על ידי זה הוא מצליח&quot; &#8211; 50 חלקים",pazel-2,9.0,9.0,ILS,False,0.0,0,"ילדים, פאזלים",True,https://malevegadish.com/product/%d7%a4%d7%90%d7%96%d7%9c-%d7%9e%d7%99-%d7%a9%d7%94%d7%95%d7%90-%d7%a9%d7%9e%d7%97-%d7%aa%d7%9e%d7%99%d7%93-%d7%a2%d7%9c-%d7%99%d7%93%d7%99-%d7%96%d7%94-%d7%94%d7%95%d7%90-%d7%9e%d7%a6%d7%9c%d7%99/
8695,פאזל &quot;יש ענין שנתהפך הכל לטובה&quot; &#8211; 50 חלקים,pazel-1,9.0,9.0,ILS,False,0.0,0,"ילדים, פאזלים",True,https://malevegadish.com/product/%d7%a4%d7%90%d7%96%d7%9c-%d7%99%d7%a9-%d7%a2%d7%a0%d7%99%d7%9f-%d7%a9%d7%a0%d7%aa%d7%94%d7%a4%d7%9a-%d7%94%d7%9b%d7%9c-%d7%9c%d7%98%d7%95%d7%91%d7%94-50-%d7%97%d7%9c%d7%a7%d7%99%d7%9d/
8694,תיקון הכללי עם ציטוטים וברכת המזון &quot;אותיות של זהב&quot;,tikon haklali-1,2.7,2.7,ILS,False,0.0,0,"חוברות, סדרת ""אותיות של זהב"", ספרים מיוחדים, קונטרסים, קונטרסים כיס, תיקון הכללי",True,https://malevegadish.com/product/%d7%aa%d7%99%d7%a7%d7%95%d7%9f-%d7%94%d7%9b%d7%9c%d7%9c%d7%99-%d7%a2%d7%9d-%d7%a6%d7%99%d7%98%d7%95%d7%98%d7%99%d7%9d-%d7%95%d7%91%d7%a8%d7%9b%d7%aa-%d7%94%d7%9e%d7%96%d7%95%d7%9f-%d7%90%d7%95%d7%aa/
8692,לוחית רישוי נ נח,lochit rishuy na nach,10.0,10.0,ILS,False,5.0,1,מוצרים נלווים,True,https://malevegadish.com/product/%d7%9c%d7%95%d7%97%d7%99%d7%aa-%d7%a8%d7%99%d7%a9%d7%95%d7%99-%d7%a0-%d7%a0%d7%97/
8680,קונטרס מעשה מחכם ותם עם תיקון הכללי,conters_mechachem_vetam-1,0.9,0.9,ILS,False,5.0,1,"חוברות, קונטרסים, קונטרסים כיס",True,https://malevegadish.com/product/%d7%a7%d7%95%d7%a0%d7%98%d7%a8%d7%a1-%d7%9e%d7%a2%d7%a9%d7%94-%d7%9e%d7%97%d7%9b%d7%9d-%d7%95%d7%aa%d7%9d-%d7%a2%d7%9d-%d7%aa%d7%99%d7%a7%d7%95%d7%9f-%d7%94%d7%9b%d7%9c%d7%9c%d7%99/
8679,כתבי רבי נחמן מברסלב &#8211; גודל כיס,border_kitvey-2,25.0,25.0,ILS,False,5.0,1,"כתבי רבי נחמן מברסלב, ספר ליקוטי תפילות, ספרי רבי נחמן מברסלב, ספרי תלמידי ברסלב, קיצור ליקוטי מוהר""ן",True,https://malevegadish.com/product/%d7%9b%d7%aa%d7%91%d7%99-%d7%a8%d7%91%d7%99-%d7%a0%d7%97%d7%9e%d7%9f-%d7%9e%d7%91%d7%a8%d7%a1%d7%9c%d7%91-%d7%92%d7%95%d7%93%d7%9c-%d7%9b%d7%99%d7%a1/
8678,קונטרס אור התכלית,conters_or_hitkalit-1,1.3,1.3,ILS,False,0.0,0,"חוברות, קונטרסים, קונטרסים כיס",True,https://malevegadish.com/product/%d7%a7%d7%95%d7%a0%d7%98%d7%a8%d7%a1-%d7%90%d7%95%d7%a8-%d7%94%d7%aa%d7%9b%d7%9c%d7%99%d7%aa/
8677,קונטרס ארץ ישראל,conters_artz_israel-1,0.9,0.9,ILS,False,0.0,0,"חוברות, קונטרסים, קונטרסים כיס",True,https://malevegadish.com/product/%d7%a7%d7%95%d7%a0%d7%98%d7%a8%d7%a1-%d7%90%d7%a8%d7%a5-%d7%99%d7%a9%d7%a8%d7%90%d7%9c/
8676,תמונת קנבס רבי ישראל דב אודסר במידה 20X30,tmonet_kanbes_ravi_yisral_dav_odeser,20.0,20.0,ILS,False,0.0,0,תמונות קנבס,True,https://malevegadish.com/product/%d7%aa%d7%9e%d7%95%d7%a0%d7%aa-%d7%a7%d7%a0%d7%91%d7%a1-%d7%a8%d7%91%d7%99-%d7%99%d7%a9%d7%a8%d7%90%d7%9c-%d7%93%d7%91-%d7%90%d7%95%d7%93%d7%a1%d7%a8-%d7%91%d7%9e%d7%99%d7%93%d7%94-20x30/
8675,תמונת קנבס ציון רבי נתן במידה 20X30,tmonet_kanbes_tzyon_ravi_natan,20.0,20.0,ILS,False,0.0,0,תמונות קנבס,True,https://malevegadish.com/product/%d7%aa%d7%9e%d7%95%d7%a0%d7%aa-%d7%a7%d7%a0%d7%91%d7%a1-%d7%a6%d7%99%d7%95%d7%9f-%d7%a8%d7%91%d7%99-%d7%a0%d7%aa%d7%9f-%d7%91%d7%9e%d7%99%d7%93%d7%94-20x30/
8674,תמונת קנבס ציון רבי נחמן (הישן) במידה 20X30,Canvas_picture_of Zion_Rabbi_Nachman-1,20.0,20.0,ILS,False,0.0,0,תמונות קנבס,True,https://malevegadish.com/product/%d7%aa%d7%9e%d7%95%d7%a0%d7%aa-%d7%a7%d7%a0%d7%91%d7%a1-%d7%a6%d7%99%d7%95%d7%9f-%d7%a8%d7%91%d7%99-%d7%a0%d7%97%d7%9e%d7%9f-%d7%94%d7%99%d7%a9%d7%9f-%d7%91%d7%9e%d7%99%d7%93%d7%94-20x30/
8673,קונטרס חלוקי הנחל,conters_chluki_hanchal-1,0.9,0.9,ILS,False,0.0,0,"חוברות, קונטרסים, קונטרסים כיס",True,https://malevegadish.com/product/%d7%a7%d7%95%d7%a0%d7%98%d7%a8%d7%a1-%d7%97%d7%9c%d7%95%d7%a7%d7%99-%d7%94%d7%a0%d7%97%d7%9c/
8653,פנס עם הטבעה נ נח במגוון צבעים,,7.0,7.0,ILS,False,0.0,0,מוצרים נלווים,True,https://malevegadish.com/product/%d7%a4%d7%a0%d7%a1-%d7%a2%d7%9d-%d7%94%d7%98%d7%91%d7%a2%d7%94-%d7%a0-%d7%a0%d7%97-%d7%91%d7%9e%d7%92%d7%95%d7%95%d7%9f-%d7%a6%d7%91%d7%a2%d7%99%d7%9d/
8652,עט עם הטבעה נ נח במגוון צבעים,,5.0,5.0,ILS,False,0.0,0,"מוצרים נלווים, עטים",True,https://malevegadish.com/product/%d7%a2%d7%98-%d7%a2%d7%9d-%d7%94%d7%98%d7%91%d7%a2%d7%94-%d7%a0-%d7%a0%d7%97-%d7%91%d7%9e%d7%92%d7%95%d7%95%d7%9f-%d7%a6%d7%91%d7%a2%d7%99%d7%9d/
8631,מחזיק מפתחות נ נח &#8211; &quot;השמחה היא עולם החירות&quot;,,5.0,5.0,ILS,False,0.0,0,"מוצרים נלווים, קמעות ומחזיקי מפתחות נ נח",True,https://malevegadish.com/product/%d7%9e%d7%97%d7%96%d7%99%d7%a7-%d7%9e%d7%a4%d7%aa%d7%97%d7%95%d7%aa-%d7%a0-%d7%a0%d7%97-%d7%94%d7%a9%d7%9e%d7%97%d7%94-%d7%94%d7%99%d7%90-%d7%a2%d7%95%d7%9c%d7%9d-%d7%94%d7%97%d7%99%d7%a8%d7%95/
8627,ליקוטי תפילות לילדים,likoti-tfilot_kids-1-1,30.0,30.0,ILS,False,0.0,0,"ילדים, ספר ליקוטי תפילות, ספרי ילדים ברסלב",False,https://malevegadish.com/product/%d7%9c%d7%99%d7%a7%d7%95%d7%98%d7%99-%d7%aa%d7%a4%d7%99%d7%9c%d7%95%d7%aa-%d7%9c%d7%99%d7%9c%d7%93%d7%99%d7%9d/
8624,ספר ילדים &#8211; ליקוטי עצות,likoti-atzot_kids-1,8.0,8.0,ILS,False,5.0,1,"ילדים, ספר ליקוטי עצות, ספרי ילדים ברסלב",True,https://malevegadish.com/product/%d7%a1%d7%a4%d7%a8-%d7%99%d7%9c%d7%93%d7%99%d7%9d-%d7%9c%d7%99%d7%a7%d7%95%d7%98%d7%99-%d7%a2%d7%a6%d7%95%d7%aa/
8616,מחזיק מפתחות פותחן נ נח במגוון צבעים,,5.0,5.0,ILS,False,0.0,0,"מוצרים נלווים, פותחנים, קמעות ומחזיקי מפתחות נ נח",True,https://malevegadish.com/product/%d7%9e%d7%97%d7%96%d7%99%d7%a7-%d7%9e%d7%a4%d7%aa%d7%97%d7%95%d7%aa-%d7%a4%d7%95%d7%aa%d7%97%d7%9f-%d7%a0-%d7%a0%d7%97-%d7%91%d7%9e%d7%92%d7%95%d7%95%d7%9f-%d7%a6%d7%91%d7%a2%d7%99%d7%9d/
8615,מחזיק מפתחות נ נח &#8211; &quot;אין שום יאוש בעולם כלל&quot;,,5.0,5.0,ILS,False,0.0,0,"מוצרים נלווים, קמעות ומחזיקי מפתחות נ נח",True,https://malevegadish.com/product/%d7%9e%d7%97%d7%96%d7%99%d7%a7-%d7%9e%d7%a4%d7%aa%d7%97%d7%95%d7%aa-%d7%a0-%d7%a0%d7%97-%d7%90%d7%99%d7%9f-%d7%a9%d7%95%d7%9d-%d7%99%d7%90%d7%95%d7%a9-%d7%91%d7%a2%d7%95%d7%9c%d7%9d-%d7%9b%d7%9c-2/
8614,מחזיק מפתחות נ נח &#8211; &quot;אין שום יאוש בעולם כלל&quot;,,5.0,5.0,ILS,False,0.0,0,"מוצרים נלווים, קמעות ומחזיקי מפתחות נ נח",True,https://malevegadish.com/product/%d7%9e%d7%97%d7%96%d7%99%d7%a7-%d7%9e%d7%a4%d7%aa%d7%97%d7%95%d7%aa-%d7%a0-%d7%a0%d7%97-%d7%90%d7%99%d7%9f-%d7%a9%d7%95%d7%9d-%d7%99%d7%90%d7%95%d7%a9-%d7%91%d7%a2%d7%95%d7%9c%d7%9d-%d7%9b%d7%9c/
8613,אותיות של זהב תפילות &#8211; גודל מתנה,OTIO-ZAV-1-3,20.0,20.0,ILS,False,0.0,0,"אותיות של זהב, ליקוטים, סדרת ""אותיות של זהב"", ספרים בינונים, ספרים מיוחדים, ציטוטים",True,https://malevegadish.com/product/%d7%90%d7%95%d7%aa%d7%99%d7%95%d7%aa-%d7%a9%d7%9c-%d7%96%d7%94%d7%91-%d7%aa%d7%a4%d7%99%d7%9c%d7%95%d7%aa-%d7%92%d7%95%d7%93%d7%9c-%d7%9e%d7%aa%d7%a0%d7%94/
8612,קונטרס אור האמונה,pock_mandala_or ha'amona-1-1,1.5,1.5,ILS,False,0.0,0,"חוברות, ספרי רבי נתן מברסלב, קונטרסים, קונטרסים כיס",False,https://malevegadish.com/product/%d7%a7%d7%95%d7%a0%d7%98%d7%a8%d7%a1-%d7%90%d7%95%d7%a8-%d7%94%d7%90%d7%9e%d7%95%d7%a0%d7%94/
8611,מחזיק מפתחות נ נח מעץ,,10.0,10.0,ILS,False,0.0,0,"מוצרים נלווים, קמעות ומחזיקי מפתחות נ נח",True,https://malevegadish.com/product/%d7%9e%d7%97%d7%96%d7%99%d7%a7-%d7%9e%d7%a4%d7%aa%d7%97%d7%95%d7%aa-%d7%a0-%d7%a0%d7%97-%d7%9e%d7%a2%d7%a5/
8610,עצות המבוארות (כתבי הנחל),kitveyh_atzot_hamevuarot-1-1,16.0,16.0,ILS,False,5.0,1,"הוצאת ""כתבי הנחל"", ספר חיי מוהר""ן, ספר ליקוטי מוהר""ן, ספר עצות המבוארות, ספרי רבי נחמן מברסלב, ספרים גדולים",True,https://malevegadish.com/product/%d7%a2%d7%a6%d7%95%d7%aa-%d7%94%d7%9e%d7%91%d7%95%d7%90%d7%a8%d7%95%d7%aa-%d7%9b%d7%aa%d7%91%d7%99-%d7%94%d7%a0%d7%97%d7%9c/
8609,תהילים &quot;ואני תפילה&quot; &#8211; סקאי לבן,pock_color_tahalim_&quot;vani_tfila&quot;-1-1,11.0,11.0,ILS,False,0.0,0,"ואני תפילה, ספרים בינונים, ספרים שונים, תהילים, תהלים",False,https://malevegadish.com/product/%d7%aa%d7%94%d7%99%d7%9c%d7%99%d7%9d-%d7%95%d7%90%d7%a0%d7%99-%d7%aa%d7%a4%d7%99%d7%9c%d7%94/
8608,מחזיק מפתחות נ נח &#8211; &quot;שמחה היא עולם החירות&quot;,,5.0,5.0,ILS,False,0.0,0,"מוצרים נלווים, קמעות ומחזיקי מפתחות נ נח",True,https://malevegadish.com/product/%d7%9e%d7%97%d7%96%d7%99%d7%a7-%d7%9e%d7%a4%d7%aa%d7%97%d7%95%d7%aa-%d7%a0-%d7%a0%d7%97-%d7%a9%d7%9e%d7%97%d7%94-%d7%94%d7%99%d7%90-%d7%a2%d7%95%d7%9c%d7%9d-%d7%94%d7%97%d7%99%d7%a8%d7%95%d7%aa/
8577,מחזיק מפתחות נ נח &#8211; &quot;צריך לדון את כל אדם לכף זכות&quot;,,5.0,5.0,ILS,False,0.0,0,"מוצרים נלווים, קמעות ומחזיקי מפתחות נ נח",True,https://malevegadish.com/product/%d7%9e%d7%97%d7%96%d7%99%d7%a7-%d7%9e%d7%a4%d7%aa%d7%97%d7%95%d7%aa-%d7%a0-%d7%a0%d7%97-%d7%a6%d7%a8%d7%99%d7%9a-%d7%9c%d7%93%d7%95%d7%9f-%d7%90%d7%aa-%d7%9b%d7%9c-%d7%90%d7%93%d7%9d-%d7%9c%d7%9b/
8576,מחזיק מפתחות נ נח &#8211; &quot;פתק הגאולה&quot;,,5.0,5.0,ILS,False,5.0,1,"מוצרים נלווים, קמעות ומחזיקי מפתחות נ נח",True,https://malevegadish.com/product/%d7%9e%d7%97%d7%96%d7%99%d7%a7-%d7%9e%d7%a4%d7%aa%d7%97%d7%95%d7%aa-%d7%a0-%d7%a0%d7%97-%d7%a4%d7%aa%d7%a7-%d7%94%d7%92%d7%90%d7%95%d7%9c%d7%94/
8575,מחזיק מפתחות נ נח &#8211; &quot;מצווה גדולה להיות בשמחה תמיד&quot;,,5.0,5.0,ILS,False,0.0,0,"מוצרים נלווים, קמעות ומחזיקי מפתחות נ נח",True,https://malevegadish.com/product/%d7%9e%d7%97%d7%96%d7%99%d7%a7-%d7%9e%d7%a4%d7%aa%d7%97%d7%95%d7%aa-%d7%a0-%d7%a0%d7%97-%d7%9e%d7%a6%d7%95%d7%95%d7%94-%d7%92%d7%93%d7%95%d7%9c%d7%94-%d7%9c%d7%94%d7%99%d7%95%d7%aa-%d7%91%d7%a9/
8574,עט עם הטבעה במגוון משפטים,,5.0,5.0,ILS,False,0.0,0,"מוצרים נלווים, עטים",True,https://malevegadish.com/product/%d7%a2%d7%98-%d7%a2%d7%9d-%d7%94%d7%98%d7%91%d7%a2%d7%94-%d7%91%d7%9e%d7%92%d7%95%d7%95%d7%9f-%d7%9e%d7%a9%d7%a4%d7%98%d7%99%d7%9d/
8573,ליקוטי מוהר”ן תקפ”א סקאי חום גודל ענק,MOARN-GDOL-1,25.0,25.0,ILS,False,0.0,0,"מהדורת תקפ""א, ספר ליקוטי מוהר""ן, ספרי רבי נחמן מברסלב, ספרים גדולים, ספרים מדפוס ראשון",True,https://malevegadish.com/product/%d7%9c%d7%99%d7%a7%d7%95%d7%98%d7%99-%d7%9e%d7%95%d7%94%d7%a8%d7%9f-%d7%aa%d7%a7%d7%a4%d7%90-%d7%a1%d7%a7%d7%90%d7%99-%d7%97%d7%95%d7%9d-%d7%92%d7%95%d7%93%d7%9c-%d7%a2%d7%a0%d7%a7/
8572,אזמרה,pock_home_izmara-1-1-1-2,6.0,6.0,ILS,False,0.0,0,"אזמרה, ספרי תלמידי ברסלב",True,https://malevegadish.com/product/%d7%90%d7%96%d7%9e%d7%a8%d7%94-2/
8571,אזמרה,pock_mandala_izmara-1-1-1-1,6.0,6.0,ILS,False,5.0,1,"אזמרה, ספרי תלמידי ברסלב",True,https://malevegadish.com/product/%d7%90%d7%96%d7%9e%d7%a8%d7%94/
8570,אבני אש,pock_mandala_avni_ash-1-1-1,5.0,5.0,ILS,False,5.0,1,"אבני אש, ספרי תלמידי ברסלב",True,https://malevegadish.com/product/%d7%90%d7%91%d7%a0%d7%99-%d7%90%d7%a9-2/
8569,אבני אש,pock_home_avni_ash-1-1-1-1,5.0,5.0,ILS,False,5.0,1,"אבני אש, ספרי תלמידי ברסלב",True,https://malevegadish.com/product/%d7%90%d7%91%d7%a0%d7%99-%d7%90%d7%a9/
8568,ספר ילדים &#8211; עצות ותפילות,atzot_vatfilot-_kids-1,8.0,8.0,ILS,False,5.0,1,"ילדים, ספרי ילדים ברסלב, עצות ותפילות",True,https://malevegadish.com/product/%d7%a1%d7%a4%d7%a8-%d7%99%d7%9c%d7%93%d7%99%d7%9d-%d7%a2%d7%a6%d7%95%d7%aa-%d7%95%d7%aa%d7%a4%d7%99%d7%9c%d7%95%d7%aa/
8567,שובי נפשי,pock_home_shuvi_nifshi-1-1-1,5.0,5.0,ILS,False,5.0,1,"ספרי תלמידי ברסלב, שובי נפשי",True,https://malevegadish.com/product/%d7%a9%d7%95%d7%91%d7%99-%d7%a0%d7%a4%d7%a9%d7%99-2/
8566,אהבת חברים,pock_color_ahabet_havrim-1-1,9.0,9.0,ILS,False,0.0,0,"אהבת חברים, ליקוטים, ספרי תלמידי ברסלב, ספרים בינונים",True,https://malevegadish.com/product/%d7%90%d7%94%d7%91%d7%aa-%d7%97%d7%91%d7%a8%d7%99%d7%9d/
8565,שובי נפשי,pock_mandala_shuvi_nifshi-1-1,5.0,5.0,ILS,False,5.0,1,"ספרי תלמידי ברסלב, שובי נפשי",True,https://malevegadish.com/product/%d7%a9%d7%95%d7%91%d7%99-%d7%a0%d7%a4%d7%a9%d7%99/
8564,זוג מסגרות ללוחית רישוי נ נח,zug misgarot leluchit rishuy na nach,100.0,100.0,ILS,False,0.0,0,מוצרים נלווים,True,https://malevegadish.com/product/%d7%96%d7%95%d7%92-%d7%9e%d7%a1%d7%92%d7%a8%d7%95%d7%aa-%d7%9c%d7%9c%d7%95%d7%97%d7%99%d7%aa-%d7%a8%d7%99%d7%a9%d7%95%d7%99-%d7%a0-%d7%a0%d7%97/
8563,ריחן האש שלי,,4.0,4.0,ILS,False,0.0,0,מוצרים נלווים,True,https://malevegadish.com/product/%d7%a8%d7%99%d7%97%d7%9f-%d7%94%d7%90%d7%a9-%d7%a9%d7%9c%d7%99/
8562,קונטרס שבחי הר&quot;ן,pock_mandala_shivhey-1,2.0,2.0,ILS,False,0.0,0,"חוברות, ספר שבחי הר""ן, ספרי רבי נתן מברסלב, קונטרסים, קונטרסים כיס",True,https://malevegadish.com/product/%d7%a7%d7%95%d7%a0%d7%98%d7%a8%d7%a1-%d7%a9%d7%91%d7%97%d7%99-%d7%94%d7%a8%d7%9f-2/
8561,אב&quot;י הנחל,pock_mandala_ebey-1,6.5,6.5,ILS,False,0.0,0,"אב""י הנחל, ספרי תלמידי ברסלב",True,https://malevegadish.com/product/%d7%90%d7%91%d7%99-%d7%94%d7%a0%d7%97%d7%9c-4/
8560,מדבקה בולטת אומן ראש השנה שלי עולה על הכל 3D,madbekot-2-1,5.0,5.0,ILS,False,0.0,0,"מדבקות ברסלב, מוצרים נלווים",False,https://malevegadish.com/product/%d7%9e%d7%93%d7%91%d7%a7%d7%94-%d7%91%d7%95%d7%9c%d7%98%d7%aa-%d7%90%d7%95%d7%9e%d7%9f-%d7%a8%d7%90%d7%a9-%d7%94%d7%a9%d7%a0%d7%94-%d7%a9%d7%9c%d7%99-%d7%a2%d7%95%d7%9c%d7%94-%d7%a2%d7%9c-%d7%94%d7%9b/
8559,קונטרס זיווג הגון,ZIYOG-AGON-1-1,1.8,1.8,ILS,False,0.0,0,"קונטרס זיווג הגון, קונטרסים, קונטרסים בינונים",True,https://malevegadish.com/product/%d7%a7%d7%95%d7%a0%d7%98%d7%a8%d7%a1-%d7%96%d7%99%d7%95%d7%95%d7%92-%d7%94%d7%92%d7%95%d7%9f-2/
8558,ספר משלי עם פירושים מספרי ברסלב &#8211; למינציה מט,misle-3,14.0,14.0,ILS,False,0.0,0,"ספר משלי, ספרים גדולים",True,https://malevegadish.com/product/%d7%a1%d7%a4%d7%a8-%d7%9e%d7%a9%d7%9c%d7%99-%d7%a2%d7%9d-%d7%a4%d7%99%d7%a8%d7%95%d7%a9%d7%99%d7%9d-%d7%9e%d7%a1%d7%a4%d7%a8%d7%99-%d7%91%d7%a8%d7%a1%d7%9c%d7%91-%d7%9c%d7%9e%d7%99%d7%a0%d7%a6%d7%99-2/
8557,ספר משלי עם פירושים מספרי ברסלב &#8211; סקאי חום,misle-2,18.0,18.0,ILS,False,0.0,0,"ספר משלי, ספרים גדולים",True,https://malevegadish.com/product/%d7%a1%d7%a4%d7%a8-%d7%9e%d7%a9%d7%9c%d7%99-%d7%a2%d7%9d-%d7%a4%d7%99%d7%a8%d7%95%d7%a9%d7%99%d7%9d-%d7%9e%d7%a1%d7%a4%d7%a8%d7%99-%d7%91%d7%a8%d7%a1%d7%9c%d7%91-%d7%a1%d7%a7%d7%90%d7%99-%d7%97/
8556,ספר משלי עם פירושים מספרי ברסלב &#8211; למינציה מט,misle-1,14.0,14.0,ILS,False,5.0,1,"ספר משלי, ספרים גדולים",True,https://malevegadish.com/product/%d7%a1%d7%a4%d7%a8-%d7%9e%d7%a9%d7%9c%d7%99-%d7%a2%d7%9d-%d7%a4%d7%99%d7%a8%d7%95%d7%a9%d7%99%d7%9d-%d7%9e%d7%a1%d7%a4%d7%a8%d7%99-%d7%91%d7%a8%d7%a1%d7%9c%d7%91-%d7%9c%d7%9e%d7%99%d7%a0%d7%a6%d7%99/
8555,חבילת 14 מדבקות בגודל 5*25 במבחר משפטים מספרי ברסלב,madbekot-1,14.0,14.0,ILS,False,5.0,1,"מדבקות ברסלב, מוצרים נלווים",True,https://malevegadish.com/product/%d7%97%d7%91%d7%99%d7%9c%d7%aa-14-%d7%9e%d7%93%d7%91%d7%a7%d7%95%d7%aa-%d7%91%d7%92%d7%95%d7%93%d7%9c-525-%d7%91%d7%9e%d7%91%d7%97%d7%a8-%d7%9e%d7%a9%d7%a4%d7%98%d7%99%d7%9d-%d7%9e%d7%a1%d7%a4%d7%a8/
8554,מדבקה נ נח סיליקון שחור כסף,madbekot-2,5.0,5.0,ILS,False,0.0,0,"מדבקות ברסלב, מוצרים נלווים",False,https://malevegadish.com/product/%d7%9e%d7%93%d7%91%d7%a7%d7%94-%d7%a0-%d7%a0%d7%97-%d7%a1%d7%99%d7%9c%d7%99%d7%a7%d7%95%d7%9f-%d7%a9%d7%97%d7%95%d7%a8-%d7%9b%d7%a1%d7%a3/
8553,סט 2+2 מדבקות בולטות לתפילין &#8211; &quot;האש שלי&quot; &#8211; זהב וכסף מטאלי,madbekot-3,9.0,9.0,ILS,False,0.0,0,"מדבקות ברסלב, מוצרים נלווים",True,https://malevegadish.com/product/%d7%a1%d7%98-22-%d7%9e%d7%93%d7%91%d7%a7%d7%95%d7%aa-%d7%91%d7%95%d7%9c%d7%98%d7%95%d7%aa-%d7%9c%d7%aa%d7%a4%d7%99%d7%9c%d7%99%d7%9f-%d7%94%d7%90%d7%a9-%d7%a9%d7%9c%d7%99-%d7%96%d7%94%d7%91/
8552,מדבקה נ נח סיליקון שחור זהב,madbekot-4,5.0,5.0,ILS,False,0.0,0,"מדבקות ברסלב, מוצרים נלווים",True,https://malevegadish.com/product/%d7%9e%d7%93%d7%91%d7%a7%d7%94-%d7%a0-%d7%a0%d7%97-%d7%a1%d7%99%d7%9c%d7%99%d7%a7%d7%95%d7%9f-%d7%a9%d7%97%d7%95%d7%a8-%d7%96%d7%94%d7%91/
8551,מדבקת &quot;נ נח נחמ נחמן מאומן&quot; &#8211; ABS,madbekot-5,11.0,11.0,ILS,False,4.0,1,"מדבקות ברסלב, מוצרים נלווים",True,https://malevegadish.com/product/%d7%9e%d7%93%d7%91%d7%a7%d7%aa-%d7%a0-%d7%a0%d7%97-%d7%a0%d7%97%d7%9e-%d7%a0%d7%97%d7%9e%d7%9f-%d7%9e%d7%90%d7%95%d7%9e%d7%9f-abs/
8550,מחזיק מפתחות קמע נ נח בצבע חום עם תפירה אפורה,,10.0,10.0,ILS,False,0.0,0,"מוצרים נלווים, קמעות ומחזיקי מפתחות נ נח",True,https://malevegadish.com/product/%d7%9e%d7%97%d7%96%d7%99%d7%a7-%d7%9e%d7%a4%d7%aa%d7%97%d7%95%d7%aa-%d7%a7%d7%9e%d7%a2-%d7%a0-%d7%a0%d7%97-%d7%91%d7%a6%d7%91%d7%a2-%d7%97%d7%95%d7%9d-%d7%a2%d7%9d-%d7%aa%d7%a4%d7%99%d7%a8%d7%94-3/
8549,מחזיק מפתחות קמע נ נח בצבע חום עם תפירה אדומה,,10.0,10.0,ILS,False,0.0,0,"מוצרים נלווים, קמעות ומחזיקי מפתחות נ נח",True,https://malevegadish.com/product/%d7%9e%d7%97%d7%96%d7%99%d7%a7-%d7%9e%d7%a4%d7%aa%d7%97%d7%95%d7%aa-%d7%a7%d7%9e%d7%a2-%d7%a0-%d7%a0%d7%97-%d7%91%d7%a6%d7%91%d7%a2-%d7%97%d7%95%d7%9d-%d7%a2%d7%9d-%d7%aa%d7%a4%d7%99%d7%a8%d7%94-2/
8548,מחזיק מפתחות קמע נ נח בצבע תכלת,,10.0,10.0,ILS,False,0.0,0,"מוצרים נלווים, קמעות ומחזיקי מפתחות נ נח",True,https://malevegadish.com/product/%d7%9e%d7%97%d7%96%d7%99%d7%a7-%d7%9e%d7%a4%d7%aa%d7%97%d7%95%d7%aa-%d7%a7%d7%9e%d7%a2-%d7%a0-%d7%a0%d7%97-%d7%91%d7%a6%d7%91%d7%a2-%d7%aa%d7%9b%d7%9c%d7%aa/
8517,מחזיק מפתחות קמע נ נח בצבע כחול עם תפירה תכלת,,10.0,10.0,ILS,False,0.0,0,"מוצרים נלווים, קמעות ומחזיקי מפתחות נ נח",True,https://malevegadish.com/product/%d7%9e%d7%97%d7%96%d7%99%d7%a7-%d7%9e%d7%a4%d7%aa%d7%97%d7%95%d7%aa-%d7%a7%d7%9e%d7%a2-%d7%a0-%d7%a0%d7%97-%d7%91%d7%a6%d7%91%d7%a2-%d7%9b%d7%97%d7%95%d7%9c-%d7%a2%d7%9d-%d7%aa%d7%a4%d7%99%d7%a8%d7%94/
8516,מחזיק מפתחות קמע נ נח בצבע ירוק,,10.0,10.0,ILS,False,0.0,0,"מוצרים נלווים, קמעות ומחזיקי מפתחות נ נח",True,https://malevegadish.com/product/%d7%9e%d7%97%d7%96%d7%99%d7%a7-%d7%9e%d7%a4%d7%aa%d7%97%d7%95%d7%aa-%d7%a7%d7%9e%d7%a2-%d7%a0-%d7%a0%d7%97-%d7%91%d7%a6%d7%91%d7%a2-%d7%99%d7%a8%d7%95%d7%a7/
8515,מחזיק מפתחות קמע נ נח בצבע חום עם תפירה שחורה,,10.0,10.0,ILS,False,0.0,0,"מוצרים נלווים, קמעות ומחזיקי מפתחות נ נח",True,https://malevegadish.com/product/%d7%9e%d7%97%d7%96%d7%99%d7%a7-%d7%9e%d7%a4%d7%aa%d7%97%d7%95%d7%aa-%d7%a7%d7%9e%d7%a2-%d7%a0-%d7%a0%d7%97-%d7%91%d7%a6%d7%91%d7%a2-%d7%97%d7%95%d7%9d-%d7%a2%d7%9d-%d7%aa%d7%a4%d7%99%d7%a8%d7%94/
8514,מחזיק מפתחות קמע נ נח בצבע לבן,,10.0,10.0,ILS,False,0.0,0,"מוצרים נלווים, קמעות ומחזיקי מפתחות נ נח",True,https://malevegadish.com/product/%d7%9e%d7%97%d7%96%d7%99%d7%a7-%d7%9e%d7%a4%d7%aa%d7%97%d7%95%d7%aa-%d7%a7%d7%9e%d7%a2-%d7%a0-%d7%a0%d7%97-%d7%91%d7%a6%d7%91%d7%a2-%d7%9c%d7%91%d7%9f/
8513,קמע נ נח בצבע חום,,10.0,10.0,ILS,False,0.0,0,"מוצרים נלווים, קמעות ומחזיקי מפתחות נ נח",False,https://malevegadish.com/product/%d7%a7%d7%9e%d7%a2-%d7%a0-%d7%a0%d7%97-%d7%91%d7%a6%d7%91%d7%a2-%d7%97%d7%95%d7%9d/
8512,קמע נ נח בצבע לבן עם תפירה תכלת,,10.0,10.0,ILS,False,0.0,0,"מוצרים נלווים, קמעות ומחזיקי מפתחות נ נח",True,https://malevegadish.com/product/%d7%a7%d7%9e%d7%a2-%d7%a0-%d7%a0%d7%97-%d7%91%d7%a6%d7%91%d7%a2-%d7%9c%d7%91%d7%9f-%d7%a2%d7%9d-%d7%aa%d7%a4%d7%99%d7%a8%d7%94-%d7%aa%d7%9b%d7%9c%d7%aa/
8511,קמע נ נח בצבע לבן עם תפירה שחורה,,10.0,10.0,ILS,False,0.0,0,"מוצרים נלווים, קמעות ומחזיקי מפתחות נ נח",True,https://malevegadish.com/product/%d7%a7%d7%9e%d7%a2-%d7%a0-%d7%a0%d7%97-%d7%91%d7%a6%d7%91%d7%a2-%d7%9c%d7%91%d7%9f-%d7%a2%d7%9d-%d7%aa%d7%a4%d7%99%d7%a8%d7%94-%d7%a9%d7%97%d7%95%d7%a8%d7%94/
8510,קמע נ נח בצבע תכלת,,10.0,10.0,ILS,False,0.0,0,"מוצרים נלווים, קמעות ומחזיקי מפתחות נ נח",True,https://malevegadish.com/product/%d7%a7%d7%9e%d7%a2-%d7%a0-%d7%a0%d7%97-%d7%91%d7%a6%d7%91%d7%a2-%d7%aa%d7%9b%d7%9c%d7%aa/
8509,קמע נ נח בצבע חום עם חוט ירוק,,10.0,10.0,ILS,False,0.0,0,"מוצרים נלווים, קמעות ומחזיקי מפתחות נ נח",False,https://malevegadish.com/product/%d7%a7%d7%9e%d7%a2-%d7%a0-%d7%a0%d7%97-%d7%91%d7%a6%d7%91%d7%a2-%d7%97%d7%95%d7%9d-%d7%a2%d7%9d-%d7%97%d7%95%d7%98-%d7%99%d7%a8%d7%95%d7%a7/
8508,קמע נ נח בצבע חום עם חוט אדום,,10.0,10.0,ILS,False,0.0,0,"מוצרים נלווים, קמעות ומחזיקי מפתחות נ נח",True,https://malevegadish.com/product/%d7%a7%d7%9e%d7%a2-%d7%a0-%d7%a0%d7%97-%d7%91%d7%a6%d7%91%d7%a2-%d7%97%d7%95%d7%9d-%d7%a2%d7%9d-%d7%97%d7%95%d7%98-%d7%90%d7%93%d7%95%d7%9d/
8507,קמע נ נח בצבע חום עם חוט צהוב זוהר,,10.0,10.0,ILS,False,0.0,0,"מוצרים נלווים, קמעות ומחזיקי מפתחות נ נח",True,https://malevegadish.com/product/%d7%a7%d7%9e%d7%a2-%d7%a0-%d7%a0%d7%97-%d7%91%d7%a6%d7%91%d7%a2-%d7%97%d7%95%d7%9d-%d7%a2%d7%9d-%d7%97%d7%95%d7%98-%d7%a6%d7%94%d7%95%d7%91-%d7%96%d7%95%d7%94%d7%a8/
8506,קמע נ נח בצבע חום עם חוט כתום,,10.0,10.0,ILS,False,0.0,0,"מוצרים נלווים, קמעות ומחזיקי מפתחות נ נח",False,https://malevegadish.com/product/%d7%a7%d7%9e%d7%a2-%d7%a0-%d7%a0%d7%97-%d7%91%d7%a6%d7%91%d7%a2-%d7%97%d7%95%d7%9d-%d7%a2%d7%9d-%d7%97%d7%95%d7%98-%d7%9b%d7%aa%d7%95%d7%9d/
8505,קמע נ נח בצבע חום עם חוט צהוב,,10.0,10.0,ILS,False,0.0,0,"מוצרים נלווים, קמעות ומחזיקי מפתחות נ נח",True,https://malevegadish.com/product/%d7%a7%d7%9e%d7%a2-%d7%a0-%d7%a0%d7%97-%d7%91%d7%a6%d7%91%d7%a2-%d7%97%d7%95%d7%9d-%d7%a2%d7%9d-%d7%97%d7%95%d7%98-%d7%a6%d7%94%d7%95%d7%91/
8504,קמע נ נח בצבע חום עם חוט ורוד,,10.0,10.0,ILS,False,0.0,0,"מוצרים נלווים, קמעות ומחזיקי מפתחות נ נח",True,https://malevegadish.com/product/%d7%a7%d7%9e%d7%a2-%d7%a0-%d7%a0%d7%97-%d7%91%d7%a6%d7%91%d7%a2-%d7%97%d7%95%d7%9d-%d7%a2%d7%9d-%d7%97%d7%95%d7%98-%d7%95%d7%a8%d7%95%d7%93/
8503,קמע נ נח בצבע חום עם חוט אפור,,10.0,10.0,ILS,False,0.0,0,"מוצרים נלווים, קמעות ומחזיקי מפתחות נ נח",True,https://malevegadish.com/product/%d7%a7%d7%9e%d7%a2-%d7%a0-%d7%a0%d7%97-%d7%91%d7%a6%d7%91%d7%a2-%d7%97%d7%95%d7%9d-%d7%a2%d7%9d-%d7%97%d7%95%d7%98-%d7%90%d7%a4%d7%95%d7%a8/
8502,קמע נ נח בצבע חום עם חוט תכלת,,10.0,10.0,ILS,False,0.0,0,"מוצרים נלווים, קמעות ומחזיקי מפתחות נ נח",True,https://malevegadish.com/product/%d7%a7%d7%9e%d7%a2-%d7%a0-%d7%a0%d7%97-%d7%91%d7%a6%d7%91%d7%a2-%d7%97%d7%95%d7%9d-%d7%a2%d7%9d-%d7%97%d7%95%d7%98-%d7%aa%d7%9b%d7%9c%d7%aa/
8501,קמע נ נח בצבע שחור,,10.0,10.0,ILS,False,0.0,0,"מוצרים נלווים, קמעות ומחזיקי מפתחות נ נח",True,https://malevegadish.com/product/%d7%a7%d7%9e%d7%a2-%d7%a0-%d7%a0%d7%97-%d7%91%d7%a6%d7%91%d7%a2-%d7%a9%d7%97%d7%95%d7%a8/
8500,קמע נ נח בצבע לבן,,10.0,10.0,ILS,False,0.0,0,"מוצרים נלווים, קמעות ומחזיקי מפתחות נ נח",True,https://malevegadish.com/product/%d7%a7%d7%9e%d7%a2-%d7%a0-%d7%a0%d7%97-%d7%91%d7%a6%d7%91%d7%a2-%d7%9c%d7%91%d7%9f/
8499,קונטרס מעלת המתקרבים אל רבי נחמן מברסלב,EMONAT_ATIH-1-1-1-1-1-1-1,0.9,0.9,ILS,False,0.0,0,"חוברות, מעלת המתקרבים אל רבי נחמן מברסלב, קונטרסים, קונטרסים כיס",True,https://malevegadish.com/product/%d7%a7%d7%95%d7%a0%d7%98%d7%a8%d7%a1-%d7%9e%d7%a2%d7%9c%d7%aa-%d7%94%d7%9e%d7%aa%d7%a7%d7%a8%d7%91%d7%99%d7%9d-%d7%90%d7%9c-%d7%a8%d7%91%d7%99-%d7%a0%d7%97%d7%9e%d7%9f-%d7%9e%d7%91%d7%a8%d7%a1%d7%9c-2/
8498,קונטרס מעלת המתקרבים אל רבי נחמן מברסלב,EMONAT_ATIH-1-1-1-1-1-1,0.9,0.9,ILS,False,0.0,0,"חוברות, מעלת המתקרבים אל רבי נחמן מברסלב, קונטרסים, קונטרסים כיס",True,https://malevegadish.com/product/%d7%a7%d7%95%d7%a0%d7%98%d7%a8%d7%a1-%d7%9e%d7%a2%d7%9c%d7%aa-%d7%94%d7%9e%d7%aa%d7%a7%d7%a8%d7%91%d7%99%d7%9d-%d7%90%d7%9c-%d7%a8%d7%91%d7%99-%d7%a0%d7%97%d7%9e%d7%9f-%d7%9e%d7%91%d7%a8%d7%a1%d7%9c/
8497,אותיות של זהב תפילות &#8211; גודל כיס,OTIO-ZAV-1-2-2,10.0,10.0,ILS,False,5.0,1,"אותיות של זהב, ליקוטים, סדרת ""אותיות של זהב"", ספרים מיוחדים, ציטוטים",True,https://malevegadish.com/product/%d7%90%d7%95%d7%aa%d7%99%d7%95%d7%aa-%d7%a9%d7%9c-%d7%96%d7%94%d7%91-%d7%aa%d7%a4%d7%99%d7%9c%d7%95%d7%aa-%d7%92%d7%95%d7%93%d7%9c-%d7%9b%d7%99%d7%a1/
8496,תיקון הכללי &quot;ישועת ישראל&quot; &#8211; גודל גדול,tikon haklali &quot;yeshu'at yisral&quot; &#8211; godel gdul,2.5,2.5,ILS,False,0.0,0,"חוברות, ישועת ישראל, ליקוטים, קונטרסים, קונטרסים גדולים, תיקון הכללי",True,https://malevegadish.com/product/%d7%aa%d7%99%d7%a7%d7%95%d7%9f-%d7%94%d7%9b%d7%9c%d7%9c%d7%99-%d7%99%d7%a9%d7%95%d7%a2%d7%aa-%d7%99%d7%a9%d7%a8%d7%90%d7%9c-%d7%92%d7%95%d7%93%d7%9c-%d7%92%d7%93%d7%95%d7%9c-3/
8495,תיקון הכללי &quot;ישועת ישראל&quot; &#8211; גודל גדול,tikon haklali &quot;yeshu'at yisral&quot; &#8211; godel gdul,2.5,2.5,ILS,False,0.0,0,"חוברות, ישועת ישראל, ליקוטים, קונטרסים, קונטרסים גדולים, תיקון הכללי",True,https://malevegadish.com/product/%d7%aa%d7%99%d7%a7%d7%95%d7%9f-%d7%94%d7%9b%d7%9c%d7%9c%d7%99-%d7%99%d7%a9%d7%95%d7%a2%d7%aa-%d7%99%d7%a9%d7%a8%d7%90%d7%9c-%d7%92%d7%95%d7%93%d7%9c-%d7%92%d7%93%d7%95%d7%9c-2/
8494,תיקון הכללי &quot;ישועת ישראל&quot; &#8211; גודל גדול,tikon haklali &quot;yeshu'at yisral&quot; &#8211; godel gdul,2.5,2.5,ILS,False,0.0,0,"חוברות, ישועת ישראל, ליקוטים, קונטרסים, קונטרסים גדולים, תיקון הכללי",True,https://malevegadish.com/product/%d7%aa%d7%99%d7%a7%d7%95%d7%9f-%d7%94%d7%9b%d7%9c%d7%9c%d7%99-%d7%99%d7%a9%d7%95%d7%a2%d7%aa-%d7%99%d7%a9%d7%a8%d7%90%d7%9c-%d7%92%d7%95%d7%93%d7%9c-%d7%92%d7%93%d7%95%d7%9c/
8493,תיקון הכללי &quot;אזמרה&quot; &#8211; גודל גדול,tikun_azamra-1-2,2.5,2.5,ILS,False,0.0,0,"אזמרה, חוברות, ליקוטים, קונטרסים, קונטרסים גדולים, תיקון הכללי",False,https://malevegadish.com/product/%d7%aa%d7%99%d7%a7%d7%95%d7%9f-%d7%94%d7%9b%d7%9c%d7%9c%d7%99-%d7%90%d7%96%d7%9e%d7%a8%d7%94-%d7%92%d7%95%d7%93%d7%9c-%d7%92%d7%93%d7%95%d7%9c-3/
8492,תיקון הכללי &quot;אזמרה&quot; &#8211; גודל גדול,tikun_azamra-1-1,2.5,2.5,ILS,False,0.0,0,"אזמרה, חוברות, ליקוטים, קונטרסים, קונטרסים גדולים, תיקון הכללי",True,https://malevegadish.com/product/%d7%aa%d7%99%d7%a7%d7%95%d7%9f-%d7%94%d7%9b%d7%9c%d7%9c%d7%99-%d7%90%d7%96%d7%9e%d7%a8%d7%94-%d7%92%d7%95%d7%93%d7%9c-%d7%92%d7%93%d7%95%d7%9c-2/
8491,תיקון הכללי &quot;אזמרה&quot; &#8211; גודל גדול,tikun_azamra-1,2.5,2.5,ILS,False,0.0,0,"אזמרה, חוברות, ליקוטים, קונטרסים, קונטרסים גדולים, תיקון הכללי",False,https://malevegadish.com/product/%d7%aa%d7%99%d7%a7%d7%95%d7%9f-%d7%94%d7%9b%d7%9c%d7%9c%d7%99-%d7%90%d7%96%d7%9e%d7%a8%d7%94-%d7%92%d7%95%d7%93%d7%9c-%d7%92%d7%93%d7%95%d7%9c/
8490,קונטרס רעוא דרעוין,EMONAT_ATIH-1-1-1-1-1,0.9,0.9,ILS,False,0.0,0,"חוברות, קונטרסים, קונטרסים כיס, רעוא דרעוין",True,https://malevegadish.com/product/%d7%a7%d7%95%d7%a0%d7%98%d7%a8%d7%a1-%d7%a8%d7%a2%d7%95%d7%90-%d7%93%d7%a8%d7%a2%d7%95%d7%99%d7%9f-2/
8489,קונטרס רעוא דרעוין,EMONAT_ATIH-1-1-1-1,0.9,0.9,ILS,False,0.0,0,"חוברות, קונטרסים, קונטרסים כיס, רעוא דרעוין",False,https://malevegadish.com/product/%d7%a7%d7%95%d7%a0%d7%98%d7%a8%d7%a1-%d7%a8%d7%a2%d7%95%d7%90-%d7%93%d7%a8%d7%a2%d7%95%d7%99%d7%9f/
8488,משחק רביעיות,game_of-fours-1,8.0,8.0,ILS,False,0.0,0,"ילדים, משחק רביעיות, משחקים",True,https://malevegadish.com/product/%d7%9e%d7%a9%d7%97%d7%a7-%d7%a8%d7%91%d7%99%d7%a2%d7%99%d7%95%d7%aa/
8456,סט ליקוטי הלכות – 8 כרכים גודל גדול סקאי &#8211; &quot;כתבי הנחל&quot;,halachot-1,135.0,135.0,ILS,False,0.0,0,"הוצאת ""כתבי הנחל"", סטים ספרי ברסלב, ספר ליקוטי הלכות, ספרי רבי נתן מברסלב, ספרים גדולים",True,https://malevegadish.com/product/%d7%a1%d7%98-%d7%9c%d7%99%d7%a7%d7%95%d7%98%d7%99-%d7%94%d7%9c%d7%9b%d7%95%d7%aa-8-%d7%9b%d7%a8%d7%9b%d7%99%d7%9d-%d7%92%d7%95%d7%93%d7%9c-%d7%92%d7%93%d7%95%d7%9c-%d7%a1%d7%a7%d7%90%d7%99/
8455,ספר ילדים &#8211; &quot;לקט מספר האלף בית&quot;,lect-misper-haelef-bit_kids,8.0,8.0,ILS,False,5.0,1,"ילדים, לקט מספר האלף בית, ספרי ילדים ברסלב",True,https://malevegadish.com/product/%d7%a1%d7%a4%d7%a8-%d7%99%d7%9c%d7%93%d7%99%d7%9d-%d7%9c%d7%a7%d7%98-%d7%9e%d7%a1%d7%a4%d7%a8-%d7%94%d7%90%d7%9c%d7%a3-%d7%91%d7%99%d7%aa/
8454,ספר ילדים &#8211; סיפורים ומשלים,sipurim-vemshlim_kids,9.0,9.0,ILS,False,5.0,1,"ילדים, סיפורים ומשלים, ספרי ילדים ברסלב",True,https://malevegadish.com/product/%d7%a1%d7%a4%d7%a8-%d7%99%d7%9c%d7%93%d7%99%d7%9d-%d7%a1%d7%99%d7%a4%d7%95%d7%a8%d7%99%d7%9d-%d7%95%d7%9e%d7%a9%d7%9c%d7%99%d7%9d/
8453,חוברת צביעה מנדלות,Mandala-coloring-book_kids-1,9.0,9.0,ILS,False,5.0,1,"חוברת צביעה מנדלות, ילדים, ספרי ילדים ברסלב",True,https://malevegadish.com/product/%d7%97%d7%95%d7%91%d7%a8%d7%aa-%d7%a6%d7%91%d7%99%d7%a2%d7%94-%d7%9e%d7%a0%d7%93%d7%9c%d7%95%d7%aa/
8452,ליקוטי מוהר&quot;ן &#8211; סקאי לבן (כתבי הנחל),LIKOTI-MOARAN-1,16.0,16.0,ILS,False,0.0,0,"הוצאת ""כתבי הנחל"", ספר ליקוטי מוהר""ן, ספרי רבי נחמן מברסלב, ספרים גדולים",True,https://malevegadish.com/product/%d7%9c%d7%99%d7%a7%d7%95%d7%98%d7%99-%d7%9e%d7%95%d7%94%d7%a8%d7%9f-%d7%a1%d7%a7%d7%90%d7%99-%d7%9c%d7%91%d7%9f-%d7%9b%d7%aa%d7%91%d7%99-%d7%94%d7%a0%d7%97%d7%9c/
8451,משיבת נפש &#8211; השתפכות הנפש &#8211; סקאי לבן (כתבי הנחל) (עם קונטרס אמונת עתיך),kitveyh_meshivat-1,16.0,16.0,ILS,False,0.0,0,"הוצאת ""כתבי הנחל"", השתפכות הנפש, ליקוטים, משיבת נפש, ספרי רבי אלתר מטעפליק, ספרי תלמידי ברסלב, ספרים גדולים",False,https://malevegadish.com/product/%d7%9e%d7%a9%d7%99%d7%91%d7%aa-%d7%a0%d7%a4%d7%a9-%d7%94%d7%a9%d7%aa%d7%a4%d7%9b%d7%95%d7%aa-%d7%94%d7%a0%d7%a4%d7%a9-%d7%a1%d7%a7%d7%90%d7%99-%d7%9c%d7%91%d7%9f-%d7%9b%d7%aa%d7%91%d7%99-%d7%94/
8450,חיי מוהר&quot;ן (כתבי הנחל),kitveyh_hayey-1,16.0,16.0,ILS,False,0.0,0,"הוצאת ""כתבי הנחל"", ספר חיי מוהר""ן, ספר ליקוטי מוהר""ן, ספרי רבי נחמן מברסלב, ספרים גדולים",True,https://malevegadish.com/product/%d7%97%d7%99%d7%99-%d7%9e%d7%95%d7%94%d7%a8%d7%9f-%d7%9b%d7%aa%d7%91%d7%99-%d7%94%d7%a0%d7%97%d7%9c/
8449,כתבי רבי נחמן מברסלב (כתבי הנחל),kitveyh_tfilot-1,26.0,26.0,ILS,False,5.0,1,"הוצאת ""כתבי הנחל"", כתבי רבי נחמן מברסלב, ספר ליקוטי תפילות, ספרי רבי נתן מברסלב, ספרים גדולים",True,https://malevegadish.com/product/%d7%9b%d7%aa%d7%91%d7%99-%d7%a8%d7%91%d7%99-%d7%a0%d7%97%d7%9e%d7%9f-%d7%9e%d7%91%d7%a8%d7%a1%d7%9c%d7%91-%d7%9b%d7%aa%d7%91%d7%99-%d7%94%d7%a0%d7%97%d7%9c/
8448,כתבי רבי נחמן מברסלב &#8211; למינציה,kitveyh_kitveyh-1,22.0,22.0,ILS,False,0.0,0,"כתבי רבי נחמן מברסלב, ספר ליקוטי תפילות, ספרי רבי נחמן מברסלב, ספרי תלמידי ברסלב, ספרים גדולים, קיצור ליקוטי מוהר""ן",True,https://malevegadish.com/product/%d7%9b%d7%aa%d7%91%d7%99-%d7%a8%d7%91%d7%99-%d7%a0%d7%97%d7%9e%d7%9f-%d7%9e%d7%91%d7%a8%d7%a1%d7%9c%d7%91-%d7%9c%d7%9e%d7%99%d7%a0%d7%a6%d7%99%d7%94/
8447,מגילת אסתר עם פירושים מספרי ברסלב &#8211; למינציה מט,megilat-estar-4,13.0,13.0,ILS,False,0.0,0,"מגילת אסתר, ספרים גדולים",False,https://malevegadish.com/product/%d7%9e%d7%92%d7%99%d7%9c%d7%aa-%d7%90%d7%a1%d7%aa%d7%a8-%d7%a2%d7%9d-%d7%a4%d7%99%d7%a8%d7%95%d7%a9%d7%99%d7%9d-%d7%9e%d7%a1%d7%a4%d7%a8%d7%99-%d7%91%d7%a8%d7%a1%d7%9c%d7%91-%d7%9c%d7%9e%d7%99%d7%a0-2/
8446,מגילת אסתר עם פירושים מספרי ברסלב &#8211; למינציה מט,megilat-estar-3,13.0,13.0,ILS,False,0.0,0,"מגילת אסתר, ספרים גדולים",False,https://malevegadish.com/product/%d7%9e%d7%92%d7%99%d7%9c%d7%aa-%d7%90%d7%a1%d7%aa%d7%a8-%d7%a2%d7%9d-%d7%a4%d7%99%d7%a8%d7%95%d7%a9%d7%99%d7%9d-%d7%9e%d7%a1%d7%a4%d7%a8%d7%99-%d7%91%d7%a8%d7%a1%d7%9c%d7%91-%d7%9c%d7%9e%d7%99%d7%a0/
8445,מגילת אסתר עם פירושים מספרי ברסלב &#8211; סקאי חום,megilat-estar-2,16.0,16.0,ILS,False,0.0,0,"מגילת אסתר, ספרים גדולים",False,https://malevegadish.com/product/%d7%9e%d7%92%d7%99%d7%9c%d7%aa-%d7%90%d7%a1%d7%aa%d7%a8-%d7%a2%d7%9d-%d7%a4%d7%99%d7%a8%d7%95%d7%a9%d7%99%d7%9d-%d7%9e%d7%a1%d7%a4%d7%a8%d7%99-%d7%91%d7%a8%d7%a1%d7%9c%d7%91-%d7%a1%d7%a7%d7%90%d7%99-2/
8444,מגילת אסתר עם פירושים מספרי ברסלב &#8211; סקאי לבן,megilat-estar-1,16.0,16.0,ILS,False,5.0,1,"מגילת אסתר, ספרים גדולים",False,https://malevegadish.com/product/%d7%9e%d7%92%d7%99%d7%9c%d7%aa-%d7%90%d7%a1%d7%aa%d7%a8-%d7%a2%d7%9d-%d7%a4%d7%99%d7%a8%d7%95%d7%a9%d7%99%d7%9d-%d7%9e%d7%a1%d7%a4%d7%a8%d7%99-%d7%91%d7%a8%d7%a1%d7%9c%d7%91-%d7%a1%d7%a7%d7%90%d7%99/
8443,ליקוטי תפילות &#8211; למינציה &#8211; גודל בינוני,homeset_tfilot-2-1,18.0,18.0,ILS,False,0.0,0,"ספר ליקוטי תפילות, ספרי רבי נתן מברסלב, ספרים בינונים",True,https://malevegadish.com/product/%d7%9c%d7%99%d7%a7%d7%95%d7%98%d7%99-%d7%aa%d7%a4%d7%99%d7%9c%d7%95%d7%aa-%d7%9c%d7%9e%d7%99%d7%a0%d7%a6%d7%99%d7%94-%d7%92%d7%95%d7%93%d7%9c-%d7%91%d7%99%d7%a0%d7%95%d7%a0%d7%99/
8442,ליקוטי תפילות &#8211; סקאי חום &#8211; גודל בינוני,homeset_tfilot-2,20.0,20.0,ILS,False,0.0,0,"ספר ליקוטי תפילות, ספרי רבי נתן מברסלב, ספרים בינונים",True,https://malevegadish.com/product/%d7%9c%d7%99%d7%a7%d7%95%d7%98%d7%99-%d7%aa%d7%a4%d7%99%d7%9c%d7%95%d7%aa-%d7%a1%d7%a7%d7%90%d7%99-%d7%97%d7%95%d7%9d-%d7%92%d7%95%d7%93%d7%9c-%d7%91%d7%99%d7%a0%d7%95%d7%a0%d7%99/
8439,ימי מוהרנ&quot;ת,pock_mandala_sihot-1-1-1,6.0,6.0,ILS,False,5.0,2,"ספר ימי מוהרנ""ת, ספרי רבי נתן מברסלב",True,https://malevegadish.com/product/%d7%99%d7%9e%d7%99-%d7%9e%d7%95%d7%94%d7%a8%d7%a0%d7%aa-2/
8438,ימי מוהרנ&quot;ת,pock_mandala_sihot-1-1,6.0,6.0,ILS,False,0.0,0,"ספר ימי מוהרנ""ת, ספרי רבי נתן מברסלב",False,https://malevegadish.com/product/%d7%99%d7%9e%d7%99-%d7%9e%d7%95%d7%94%d7%a8%d7%a0%d7%aa/
8437,אבנים טובות &#8211; ספר ציטוטים של רבי נחמן &#8211; ספיר &#8211; גודל כיס,avnim tovot,8.0,8.0,ILS,False,5.0,2,"אבנים טובות, ליקוטים, ספרים מיוחדים, ציטוטים",False,https://malevegadish.com/product/%d7%90%d7%91%d7%a0%d7%99%d7%9d-%d7%98%d7%95%d7%91%d7%95%d7%aa-%d7%92%d7%95%d7%93%d7%9c-%d7%9b%d7%99%d7%a1/
8436,אותיות של זהב &#8211; גודל כיס,OTIO-ZAV-1-2,10.0,10.0,ILS,False,5.0,1,"אותיות של זהב, ליקוטים, סדרת ""אותיות של זהב"", ספרים מיוחדים, ציטוטים",True,https://malevegadish.com/product/%d7%90%d7%95%d7%aa%d7%99%d7%95%d7%aa-%d7%a9%d7%9c-%d7%96%d7%94%d7%91-%d7%92%d7%95%d7%93%d7%9c-%d7%9b%d7%99%d7%a1/
8435,קונטרס בטחון בפרנסה,bitacon-baprnasa-1,0.9,0.9,ILS,False,0.0,0,"חוברות, קונטרס בטחון בפרנסה, קונטרסים, קונטרסים כיס",False,https://malevegadish.com/product/%d7%a7%d7%95%d7%a0%d7%98%d7%a8%d7%a1-%d7%91%d7%98%d7%97%d7%95%d7%9f-%d7%91%d7%a4%d7%a8%d7%a0%d7%a1%d7%94-2/
8434,קונטרס אמונת עתיך,EMONAT_ATIH-1-1,1.8,1.8,ILS,False,0.0,0,"אמונת עתיך, חוברות, ספרי רבי אלתר מטעפליק, קונטרסים, קונטרסים כיס",True,https://malevegadish.com/product/%d7%a7%d7%95%d7%a0%d7%98%d7%a8%d7%a1-%d7%90%d7%9e%d7%95%d7%a0%d7%aa-%d7%a2%d7%aa%d7%99%d7%9a-2/
8433,קונטרס הצרופים &#8211; עם תיקון הכללי (גדול),ziropim3,2.0,2.0,ILS,False,5.0,1,"קונטרס הצירופים, קונטרסים, קונטרסים גדולים",True,https://malevegadish.com/product/%d7%a7%d7%95%d7%a0%d7%98%d7%a8%d7%a1-%d7%94%d7%a6%d7%a8%d7%95%d7%a4%d7%99%d7%9d-%d7%a2%d7%9d-%d7%aa%d7%99%d7%a7%d7%95%d7%9f-%d7%94%d7%9b%d7%9c%d7%9c%d7%99-%d7%92%d7%93%d7%95%d7%9c/
8432,תיקון הכללי &#8211; עם קונטרס הצרופים (כיס),ZIROPIM2,0.9,0.9,ILS,False,5.0,1,"חוברות, קונטרס הצירופים, קונטרסים, קונטרסים כיס",True,https://malevegadish.com/product/%d7%aa%d7%99%d7%a7%d7%95%d7%9f-%d7%94%d7%9b%d7%9c%d7%9c%d7%99-%d7%a2%d7%9d-%d7%a7%d7%95%d7%a0%d7%98%d7%a8%d7%a1-%d7%94%d7%a6%d7%a8%d7%95%d7%a4%d7%99%d7%9d-%d7%9b%d7%99%d7%a1/
8431,קונטרס בטחון בפרנסה,bitacon-baprnasa,0.9,0.9,ILS,False,0.0,0,"חוברות, קונטרס בטחון בפרנסה, קונטרסים, קונטרסים כיס",True,https://malevegadish.com/product/%d7%a7%d7%95%d7%a0%d7%98%d7%a8%d7%a1-%d7%91%d7%98%d7%97%d7%95%d7%9f-%d7%91%d7%a4%d7%a8%d7%a0%d7%a1%d7%94/
8430,קונטרס אומן ראש השנה,oman-rase-asna,0.9,0.9,ILS,False,0.0,0,"חוברות, קונטרס אומן ראש השנה, קונטרסים, קונטרסים כיס",True,https://malevegadish.com/product/%d7%a7%d7%95%d7%a0%d7%98%d7%a8%d7%a1-%d7%90%d7%95%d7%9e%d7%9f-%d7%a8%d7%90%d7%a9-%d7%94%d7%a9%d7%a0%d7%94/
8429,קונטרס אמונת עתיך,EMONAT_ATIH-1,1.8,1.8,ILS,False,0.0,0,"אמונת עתיך, חוברות, ספרי רבי אלתר מטעפליק, קונטרסים, קונטרסים כיס",True,https://malevegadish.com/product/%d7%a7%d7%95%d7%a0%d7%98%d7%a8%d7%a1-%d7%90%d7%9e%d7%95%d7%a0%d7%aa-%d7%a2%d7%aa%d7%99%d7%9a/
8428,שיחות סבא,SICOT-SABA,17.0,17.0,ILS,False,0.0,0,"סיפורי צדיקים, ספרים גדולים, שיחות סבא",True,https://malevegadish.com/product/%d7%a9%d7%99%d7%97%d7%95%d7%aa-%d7%a1%d7%91%d7%90/
8397,אותיות של זהב &#8211; גודל מתנה,OTIO-ZAV-1,20.0,20.0,ILS,False,0.0,0,"אותיות של זהב, ליקוטים, סדרת ""אותיות של זהב"", ספרים בינונים, ספרים מיוחדים, ציטוטים",False,https://malevegadish.com/product/%d7%90%d7%95%d7%aa%d7%99%d7%95%d7%aa-%d7%a9%d7%9c-%d7%96%d7%94%d7%91-%d7%92%d7%95%d7%93%d7%9c-%d7%9e%d7%aa%d7%a0%d7%94/
8396,שיחות הר&quot;ן,pock_mandala_sihot-1,5.5,5.5,ILS,False,5.0,2,"ספר שיחות הר""ן, ספרי רבי נתן מברסלב",True,https://malevegadish.com/product/%d7%a9%d7%99%d7%97%d7%95%d7%aa-%d7%94%d7%a8%d7%9f-2/
8395,משלי הנחל,,5.0,5.0,ILS,False,5.0,2,ליקוטים,True,https://malevegadish.com/product/%d7%9e%d7%a9%d7%9c%d7%99-%d7%94%d7%a0%d7%97%d7%9c-3/
8394,עצות ישרות ותפילות,homeset_atzot yisrot vatfilot-1,5.0,5.0,ILS,False,5.0,2,עצות ישרות ותפילות,True,https://malevegadish.com/product/%d7%a2%d7%a6%d7%95%d7%aa-%d7%99%d7%a9%d7%a8%d7%95%d7%aa-%d7%95%d7%aa%d7%a4%d7%99%d7%9c%d7%95%d7%aa-3/
8393,קונטרס תולדות אדם,TOLDOT-ADM,1.8,1.8,ILS,False,0.0,0,"קונטרסים, קונטרסים בינונים",True,https://malevegadish.com/product/%d7%a7%d7%95%d7%a0%d7%98%d7%a8%d7%a1-%d7%aa%d7%95%d7%9c%d7%93%d7%95%d7%aa-%d7%90%d7%93%d7%9d/
8392,תמונת קנבס ציון רבי נחמן במידה 20X30,Canvas_picture_of_Zion_Rabbi_Nachman,20.0,20.0,ILS,False,0.0,0,תמונות קנבס,True,https://malevegadish.com/product/%d7%aa%d7%9e%d7%95%d7%a0%d7%aa-%d7%a7%d7%a0%d7%91%d7%a1-%d7%a6%d7%99%d7%95%d7%9f-%d7%a8%d7%91%d7%99-%d7%a0%d7%97%d7%9e%d7%9f-%d7%91%d7%9e%d7%99%d7%93%d7%94-20x30/
8391,עצות ישרות ותפילות,homeset_atzot yisrot vatfilot-3,5.0,5.0,ILS,False,0.0,0,עצות ישרות ותפילות,False,https://malevegadish.com/product/%d7%a2%d7%a6%d7%95%d7%aa-%d7%99%d7%a9%d7%a8%d7%95%d7%aa-%d7%95%d7%aa%d7%a4%d7%99%d7%9c%d7%95%d7%aa-2/
8390,עצות ישרות ותפילות,pock_mandala_atzot yisrot_vatfilot-2,5.0,5.0,ILS,False,5.0,1,עצות ישרות ותפילות,True,https://malevegadish.com/product/%d7%a2%d7%a6%d7%95%d7%aa-%d7%99%d7%a9%d7%a8%d7%95%d7%aa-%d7%95%d7%aa%d7%a4%d7%99%d7%9c%d7%95%d7%aa/
8389,סט ליקוטי הלכות כיס &#8211; סקאי לבן,small_halachot-1,125.0,125.0,ILS,False,0.0,0,"סטים ספרי ברסלב, ספר ליקוטי הלכות, ספרי רבי נתן מברסלב",True,https://malevegadish.com/product/%d7%a1%d7%98-%d7%9c%d7%99%d7%a7%d7%95%d7%98%d7%99-%d7%94%d7%9c%d7%9b%d7%95%d7%aa-%d7%9b%d7%99%d7%a1-%d7%a1%d7%a7%d7%90%d7%99-%d7%9c%d7%91%d7%9f/
8388,קונטרס זיווג הגון,ZIYOG-AGON,1.8,1.8,ILS,False,0.0,0,"קונטרס זיווג הגון, קונטרסים, קונטרסים בינונים",True,https://malevegadish.com/product/%d7%a7%d7%95%d7%a0%d7%98%d7%a8%d7%a1-%d7%96%d7%99%d7%95%d7%95%d7%92-%d7%94%d7%92%d7%95%d7%9f/
8387,קונטרס מעינות הנחל,MAYNOT-ANAHL,1.5,1.5,ILS,False,0.0,0,"קונטרסים, קונטרסים בינונים",True,https://malevegadish.com/product/%d7%a7%d7%95%d7%a0%d7%98%d7%a8%d7%a1-%d7%9e%d7%a2%d7%99%d7%a0%d7%95%d7%aa-%d7%94%d7%a0%d7%97%d7%9c/
8386,משיבת נפש,pock_mandala_mshivat-1-1,5.0,5.0,ILS,False,0.0,0,"ליקוטים, משיבת נפש, ספרי רבי אלתר מטעפליק, ספרי תלמידי ברסלב",False,https://malevegadish.com/product/%d7%9e%d7%a9%d7%99%d7%91%d7%aa-%d7%a0%d7%a4%d7%a9-3/
8385,משיבת נפש,MI,5.0,5.0,ILS,False,5.0,3,"ליקוטים, משיבת נפש, ספרי רבי אלתר מטעפליק, ספרי תלמידי ברסלב",False,https://malevegadish.com/product/%d7%9e%d7%a9%d7%99%d7%91%d7%aa-%d7%a0%d7%a4%d7%a9-2/
8384,משלי הנחל,pock_home_mishley-1,5.0,5.0,ILS,False,0.0,0,ליקוטים,True,https://malevegadish.com/product/%d7%9e%d7%a9%d7%9c%d7%99-%d7%94%d7%a0%d7%97%d7%9c-2/
8383,סידור משיבת נפש סקאי לבן,pock_color_sidurmeshivat-1,15.0,15.0,ILS,False,0.0,0,"ליקוטים, משיבת נפש, סידור, ספרי תלמידי ברסלב, ספרים בינונים",True,https://malevegadish.com/product/%d7%a1%d7%99%d7%93%d7%95%d7%a8-%d7%9e%d7%a9%d7%99%d7%91%d7%aa-%d7%a0%d7%a4%d7%a9-%d7%a1%d7%a7%d7%90%d7%99-%d7%9c%d7%91%d7%9f/
8382,זמירות לשבת קודש &#8211; נהר המטהר,zmirot,9.0,9.0,ILS,False,0.0,0,"זמירון לשבת, ספרים בינונים, ספרים מיוחדים, ספרים שונים",True,https://malevegadish.com/product/%d7%96%d7%9e%d7%99%d7%a8%d7%95%d7%aa-%d7%9c%d7%a9%d7%91%d7%aa-%d7%a7%d7%95%d7%93%d7%a9-%d7%a0%d7%94%d7%a8-%d7%94%d7%9e%d7%98%d7%94%d7%a8/
8381,שבחי מוהר&quot;ן &#8211; סקאי לבן,valyecha_w_shivhey,7.0,7.0,ILS,False,5.0,1,"ספרי רבי נתן מברסלב, ספרים בינונים, שבחי מוהר""ן",True,https://malevegadish.com/product/%d7%a9%d7%91%d7%97%d7%99-%d7%9e%d7%95%d7%94%d7%a8%d7%9f-%d7%a1%d7%a7%d7%90%d7%99-%d7%9c%d7%91%d7%9f/
8380,שבחי מוהר&quot;ן &#8211; סקאי חום,valyecha_shivhey,7.0,7.0,ILS,False,0.0,0,"ספרי רבי נתן מברסלב, ספרים בינונים, שבחי מוהר""ן",True,https://malevegadish.com/product/%d7%a9%d7%91%d7%97%d7%99-%d7%9e%d7%95%d7%94%d7%a8%d7%9f-%d7%a1%d7%a7%d7%90%d7%99-%d7%97%d7%95%d7%9d/
8379,קונטרס שמחה &#8211; עם תיקון הכללי,tikun_simha,0.9,0.9,ILS,False,0.0,0,"חוברות, ליקוטים, קונטרס שמחה, קונטרסים, קונטרסים כיס",True,https://malevegadish.com/product/%d7%a7%d7%95%d7%a0%d7%98%d7%a8%d7%a1-%d7%a9%d7%9e%d7%97%d7%94-%d7%a2%d7%9d-%d7%aa%d7%99%d7%a7%d7%95%d7%9f-%d7%94%d7%9b%d7%9c%d7%9c%d7%99/
8378,קונטרס מכתב משמים,tikun_michtav,0.9,0.9,ILS,False,5.0,1,"חוברות, ליקוטים, קונטרסים, קונטרסים כיס",True,https://malevegadish.com/product/%d7%a7%d7%95%d7%a0%d7%98%d7%a8%d7%a1-%d7%9e%d7%9b%d7%aa%d7%91-%d7%9e%d7%a9%d7%9e%d7%99%d7%9d/
8377,קונטרס מעלת השתטחות על קברי הצדיקים,tikun_hishtathut,0.9,0.9,ILS,False,0.0,0,"חוברות, ליקוטים, מעלת השתטחות על קברי צדיקים, קונטרסים, קונטרסים כיס",False,https://malevegadish.com/product/%d7%a7%d7%95%d7%a0%d7%98%d7%a8%d7%a1-%d7%9e%d7%a2%d7%9c%d7%aa-%d7%94%d7%a9%d7%aa%d7%98%d7%97%d7%95%d7%aa-%d7%a2%d7%9c-%d7%a7%d7%91%d7%a8%d7%99-%d7%94%d7%a6%d7%93%d7%99%d7%a7%d7%99%d7%9d-3/
8376,תיקון הכללי &#8211; עם ליקוט גאולה שלמה,tikun_geulash,0.9,0.9,ILS,False,5.0,1,"חוברות, ליקוט גאולה שלמה, ליקוטים, קונטרסים, קונטרסים כיס, תיקון הכללי",True,https://malevegadish.com/product/%d7%aa%d7%99%d7%a7%d7%95%d7%9f-%d7%94%d7%9b%d7%9c%d7%9c%d7%99-%d7%a2%d7%9d-%d7%9c%d7%99%d7%a7%d7%95%d7%98-%d7%92%d7%90%d7%95%d7%9c%d7%94-%d7%a9%d7%9c%d7%9e%d7%94/
8375,תיקון הכללי &quot;אזמרה&quot; &#8211; גודל כיס,tikun_azamra1,0.9,0.9,ILS,False,0.0,0,"אזמרה, חוברות, ליקוטים, קונטרסים, קונטרסים כיס, תיקון הכללי",True,https://malevegadish.com/product/%d7%aa%d7%99%d7%a7%d7%95%d7%9f-%d7%94%d7%9b%d7%9c%d7%9c%d7%99-%d7%90%d7%96%d7%9e%d7%a8%d7%94-%d7%92%d7%95%d7%93%d7%9c-%d7%9b%d7%99%d7%a1/
8374,תיקון הכללי &quot;אזמרה&quot; &#8211; גודל בינוני,tikun_azamra,1.5,1.5,ILS,False,0.0,0,"אזמרה, חוברות, ליקוטים, קונטרסים, קונטרסים בינונים, תיקון הכללי",False,https://malevegadish.com/product/%d7%aa%d7%99%d7%a7%d7%95%d7%9f-%d7%94%d7%9b%d7%9c%d7%9c%d7%99-%d7%90%d7%96%d7%9e%d7%a8%d7%94-%d7%92%d7%95%d7%93%d7%9c-%d7%91%d7%99%d7%a0%d7%95%d7%a0%d7%99/
8373,סט ליקוטי הלכות כיס &#8211; סקאי חום,small_halachot,125.0,125.0,ILS,False,0.0,0,"סטים ספרי ברסלב, ספר ליקוטי הלכות, ספרי רבי נתן מברסלב",True,https://malevegadish.com/product/%d7%a1%d7%98-%d7%9c%d7%99%d7%a7%d7%95%d7%98%d7%99-%d7%94%d7%9c%d7%9b%d7%95%d7%aa-%d7%9b%d7%99%d7%a1-%d7%a1%d7%a7%d7%90%d7%99-%d7%97%d7%95%d7%9d/
8372,שבחי הר&quot;ן &#8211; שיחות הר&quot;ן,smallborder_sihot,14.0,14.0,ILS,False,0.0,0,"ספר שבחי הר""ן, ספר שיחות הר""ן, ספרי רבי נתן מברסלב, ספרים גדולים",True,https://malevegadish.com/product/%d7%a9%d7%91%d7%97%d7%99-%d7%94%d7%a8%d7%9f-%d7%a9%d7%99%d7%97%d7%95%d7%aa-%d7%94%d7%a8%d7%9f/
8371,שיחות הר&quot;ן,pock_mandala_sihot,5.5,5.5,ILS,False,5.0,1,"ספר שיחות הר""ן, ספרי רבי נתן מברסלב",False,https://malevegadish.com/product/%d7%a9%d7%99%d7%97%d7%95%d7%aa-%d7%94%d7%a8%d7%9f/
8370,קונטרס שבחי הר&quot;ן,pock_mandala_shivhey,2.0,2.0,ILS,False,5.0,1,"חוברות, ספר שבחי הר""ן, ספרי רבי נתן מברסלב, קונטרסים, קונטרסים כיס",True,https://malevegadish.com/product/%d7%a7%d7%95%d7%a0%d7%98%d7%a8%d7%a1-%d7%a9%d7%91%d7%97%d7%99-%d7%94%d7%a8%d7%9f/
8369,ליקוטי נתיב צדיק,pock_mandala_nativ,4.5,4.5,ILS,False,5.0,1,"ליקוטי נתיב צדיק, ספרי תלמידי ברסלב",True,https://malevegadish.com/product/%d7%9c%d7%99%d7%a7%d7%95%d7%98%d7%99-%d7%a0%d7%aa%d7%99%d7%91-%d7%a6%d7%93%d7%99%d7%a7/
8368,משיבת נפש,pock_mandala_mshivat,5.0,5.0,ILS,False,5.0,1,"ליקוטים, משיבת נפש, ספרי רבי אלתר מטעפליק, ספרי תלמידי ברסלב",True,https://malevegadish.com/product/%d7%9e%d7%a9%d7%99%d7%91%d7%aa-%d7%a0%d7%a4%d7%a9/
8337,משלי הנחל,pock_mandala_mishley,5.0,5.0,ILS,False,5.0,1,ליקוטים,True,https://malevegadish.com/product/%d7%9e%d7%a9%d7%9c%d7%99-%d7%94%d7%a0%d7%97%d7%9c/
8336,חיי מוהר&quot;ן,pock_mandala_hayey,6.5,6.5,ILS,False,5.0,2,"ספר חיי מוהר""ן, ספרי רבי נתן מברסלב, על רבי נחמן",False,https://malevegadish.com/product/%d7%97%d7%99%d7%99-%d7%9e%d7%95%d7%94%d7%a8%d7%9f/
8335,ליקוטי עצות,pock_mandala_etzot,6.0,6.0,ILS,False,5.0,1,"ספר ליקוטי עצות, ספרי רבי נחמן מברסלב",True,https://malevegadish.com/product/%d7%9c%d7%99%d7%a7%d7%95%d7%98%d7%99-%d7%a2%d7%a6%d7%95%d7%aa/
8334,עצות המבוארות,pock_mandala_etzmev,5.5,5.5,ILS,False,0.0,0,"ספר ליקוטי עצות, ספר עצות המבוארות, ספרי תלמידי ברסלב",True,https://malevegadish.com/product/%d7%a2%d7%a6%d7%95%d7%aa-%d7%94%d7%9e%d7%91%d7%95%d7%90%d7%a8%d7%95%d7%aa/
8333,ספר המידות,pock_home_midot,5.0,5.0,ILS,False,5.0,1,"ספר המידות, ספרי רבי נחמן מברסלב",True,https://malevegadish.com/product/%d7%a1%d7%a4%d7%a8-%d7%94%d7%9e%d7%99%d7%93%d7%95%d7%aa-3/
8332,סיפורי מעשיות,pock_home_maasiot,5.0,5.0,ILS,False,0.0,0,"ספר סיפורי מעשיות, ספרי רבי נחמן מברסלב",True,https://malevegadish.com/product/%d7%a1%d7%99%d7%a4%d7%95%d7%a8%d7%99-%d7%9e%d7%a2%d7%a9%d7%99%d7%95%d7%aa-3/
8331,השתפכות הנפש,pock_home_hishtapchut,5.0,5.0,ILS,False,5.0,2,"השתפכות הנפש, ליקוטים, ספרי רבי אלתר מטעפליק, ספרי תלמידי ברסלב",True,https://malevegadish.com/product/%d7%94%d7%a9%d7%aa%d7%a4%d7%9b%d7%95%d7%aa-%d7%94%d7%a0%d7%a4%d7%a9-2/
8330,אב&quot;י הנחל,pock_home_ebey,6.5,6.5,ILS,False,0.0,0,"אב""י הנחל, ספרי תלמידי ברסלב",False,https://malevegadish.com/product/%d7%90%d7%91%d7%99-%d7%94%d7%a0%d7%97%d7%9c-3/
8329,סידור משיבת נפש למינציה מט,pock_color_sidurmeshivat,13.0,13.0,ILS,False,0.0,0,"ליקוטים, משיבת נפש, סידור, ספרי תלמידי ברסלב, ספרים בינונים",True,https://malevegadish.com/product/%d7%a1%d7%99%d7%93%d7%95%d7%a8-%d7%9e%d7%a9%d7%99%d7%91%d7%aa-%d7%a0%d7%a4%d7%a9-%d7%9c%d7%9e%d7%99%d7%a0%d7%a6%d7%99%d7%94-%d7%9e%d7%98/
8328,התבודדות באנגלית,eng_hisbodid,3.5,3.5,ILS,False,5.0,1,"אנגלית, השתפכות הנפש, ליקוטים, ספרי תלמידי ברסלב, ספרים באנגלית, ספרים בינונים",True,https://malevegadish.com/product/%d7%94%d7%aa%d7%91%d7%95%d7%93%d7%93%d7%95%d7%aa-%d7%91%d7%90%d7%a0%d7%92%d7%9c%d7%99%d7%aa/
8327,תהילים שמות הצדיקים,pock_home_tehilim,6.0,6.0,ILS,False,5.0,1,"ספרי רבי נתן מברסלב, שמות הצדיקים, תהלים",True,https://malevegadish.com/product/%d7%aa%d7%94%d7%99%d7%9c%d7%99%d7%9d-%d7%a9%d7%9e%d7%95%d7%aa-%d7%94%d7%a6%d7%93%d7%99%d7%a7%d7%99%d7%9d-3/
8326,תהילים שמות הצדיקים,pock_mandala_teh,6.0,6.0,ILS,False,0.0,0,"ספרי רבי נתן מברסלב, שמות הצדיקים, תהלים",True,https://malevegadish.com/product/%d7%aa%d7%94%d7%99%d7%9c%d7%99%d7%9d-%d7%a9%d7%9e%d7%95%d7%aa-%d7%94%d7%a6%d7%93%d7%99%d7%a7%d7%99%d7%9d-2/
8325,תהילים שמות הצדיקים,pock_color_tehilim,6.0,6.0,ILS,False,0.0,0,"ספרי רבי נתן מברסלב, שמות הצדיקים, תהלים",False,https://malevegadish.com/product/%d7%aa%d7%94%d7%99%d7%9c%d7%99%d7%9d-%d7%a9%d7%9e%d7%95%d7%aa-%d7%94%d7%a6%d7%93%d7%99%d7%a7%d7%99%d7%9d/
8324,ספר המידות תקפ”א &#8211; סקאי לבן,takpa_midot,6.0,6.0,ILS,False,0.0,0,"מהדורת תקפ""א, ספר המידות, ספרי רבי נחמן מברסלב, ספרים בינונים, ספרים מדפוס ראשון",True,https://malevegadish.com/product/%d7%a1%d7%a4%d7%a8-%d7%94%d7%9e%d7%99%d7%93%d7%95%d7%aa-%d7%aa%d7%a7%d7%a4%d7%90-%d7%a1%d7%a7%d7%90%d7%99-%d7%9c%d7%91%d7%9f/
8323,ספר המידות תקפ&quot;א &#8211; סקאי חום,smalltakpa_midot,6.0,6.0,ILS,False,0.0,0,"מהדורת תקפ""א, ספר המידות, ספרי רבי נחמן מברסלב, ספרים בינונים, ספרים מדפוס ראשון",True,https://malevegadish.com/product/%d7%a1%d7%a4%d7%a8-%d7%94%d7%9e%d7%99%d7%93%d7%95%d7%aa-%d7%aa%d7%a7%d7%a4%d7%90-%d7%a1%d7%a7%d7%90%d7%99-%d7%97%d7%95%d7%9d/
8322,ספר המידות,pock_mandala_midot-1,5.0,5.0,ILS,False,0.0,0,"ספר המידות, ספרי רבי נחמן מברסלב",False,https://malevegadish.com/product/%d7%a1%d7%a4%d7%a8-%d7%94%d7%9e%d7%99%d7%93%d7%95%d7%aa-2/
8321,ספר המידות,pock_mandala_midot,5.0,5.0,ILS,False,5.0,2,"ספר המידות, ספרי רבי נחמן מברסלב",True,https://malevegadish.com/product/%d7%a1%d7%a4%d7%a8-%d7%94%d7%9e%d7%99%d7%93%d7%95%d7%aa/
8320,ליקוטי עצות &#8211; סקאי חום,border_etzot,14.0,14.0,ILS,False,5.0,1,"ספר ליקוטי עצות, ספרי רבי נחמן מברסלב, ספרים גדולים",True,https://malevegadish.com/product/%d7%9c%d7%99%d7%a7%d7%95%d7%98%d7%99-%d7%a2%d7%a6%d7%95%d7%aa-%d7%a1%d7%a7%d7%90%d7%99-%d7%97%d7%95%d7%9d/
8319,מתקרבים לרבינו,book_mitkarvim,12.0,12.0,ILS,False,0.0,0,"ספר המידות, ספר סיפורי מעשיות, ספר שיחות הר""ן, ספרים גדולים",True,https://malevegadish.com/product/%d7%9e%d7%aa%d7%a7%d7%a8%d7%91%d7%99%d7%9d-%d7%9c%d7%a8%d7%91%d7%99%d7%a0%d7%95/
8318,סיפורי מעשיות תקע&quot;ה,takpa_maasiot,14.0,14.0,ILS,False,0.0,0,"מהדורת תקע""ה, ספר סיפורי מעשיות, ספרי רבי נחמן מברסלב, ספרים גדולים, ספרים מדפוס ראשון",True,https://malevegadish.com/product/%d7%a1%d7%99%d7%a4%d7%95%d7%a8%d7%99-%d7%9e%d7%a2%d7%a9%d7%99%d7%95%d7%aa-%d7%aa%d7%a7%d7%a2%d7%94/
8317,סיפורי מעשיות עם ביאורים &#8211; סקאי לבן,border_maasiot-1,16.0,16.0,ILS,False,5.0,1,"ספר סיפורי מעשיות, ספרי רבי נחמן מברסלב, ספרים גדולים",False,https://malevegadish.com/product/%d7%a1%d7%99%d7%a4%d7%95%d7%a8%d7%99-%d7%9e%d7%a2%d7%a9%d7%99%d7%95%d7%aa-%d7%a2%d7%9d-%d7%91%d7%99%d7%90%d7%95%d7%a8%d7%99%d7%9d-%d7%a1%d7%a7%d7%90%d7%99-%d7%9c%d7%91%d7%9f/
8316,סיפורי מעשיות עם ביאורים &#8211; סקאי חום,border_maasiot,14.0,14.0,ILS,False,0.0,0,"ספר סיפורי מעשיות, ספרי רבי נחמן מברסלב, ספרים גדולים",True,https://malevegadish.com/product/%d7%a1%d7%99%d7%a4%d7%95%d7%a8%d7%99-%d7%9e%d7%a2%d7%a9%d7%99%d7%95%d7%aa-%d7%a2%d7%9d-%d7%91%d7%99%d7%90%d7%95%d7%a8%d7%99%d7%9d-%d7%a1%d7%a7%d7%90%d7%99-%d7%97%d7%95%d7%9d/
8315,סיפורי מעשיות &#8211; למינציה,SIPORI-MAZIOT-1,9.0,9.0,ILS,False,0.0,0,"ספר סיפורי מעשיות, ספרי רבי נחמן מברסלב, ספרים גדולים",False,https://malevegadish.com/product/%d7%a1%d7%99%d7%a4%d7%95%d7%a8%d7%99-%d7%9e%d7%a2%d7%a9%d7%99%d7%95%d7%aa-%d7%9c%d7%9e%d7%99%d7%a0%d7%a6%d7%99%d7%94-2/
8314,סיפורי מעשיות &#8211; למינציה,SIPORI-MAZIOT,9.0,9.0,ILS,False,0.0,0,"ספר סיפורי מעשיות, ספרי רבי נחמן מברסלב, ספרים גדולים",False,https://malevegadish.com/product/%d7%a1%d7%99%d7%a4%d7%95%d7%a8%d7%99-%d7%9e%d7%a2%d7%a9%d7%99%d7%95%d7%aa-%d7%9c%d7%9e%d7%99%d7%a0%d7%a6%d7%99%d7%94/
8313,סיפורי מעשיות &#8211; גודל מתנה,OTIO-ZAV-1-1,20.0,20.0,ILS,False,0.0,0,"ספר סיפורי מעשיות, ספרי רבי נחמן מברסלב, ספרים בינונים, ספרים מיוחדים",True,https://malevegadish.com/product/%d7%a1%d7%99%d7%a4%d7%95%d7%a8%d7%99-%d7%9e%d7%a2%d7%a9%d7%99%d7%95%d7%aa-%d7%92%d7%95%d7%93%d7%9c-%d7%9e%d7%aa%d7%a0%d7%94/
8312,סיפורי מעשיות,pock_mandala_maas-1,5.0,5.0,ILS,False,0.0,0,"ספר סיפורי מעשיות, ספרי רבי נחמן מברסלב",False,https://malevegadish.com/product/%d7%a1%d7%99%d7%a4%d7%95%d7%a8%d7%99-%d7%9e%d7%a2%d7%a9%d7%99%d7%95%d7%aa-2/
8311,סיפורי מעשיות,pock_mandala_maas,5.0,5.0,ILS,False,5.0,2,"ספר סיפורי מעשיות, ספרי רבי נחמן מברסלב",False,https://malevegadish.com/product/%d7%a1%d7%99%d7%a4%d7%95%d7%a8%d7%99-%d7%9e%d7%a2%d7%a9%d7%99%d7%95%d7%aa/
8310,משיבת נפש – השתפכות הנפש למינציה (עם קונטרס אמונת עתיך),MSIBAT-AISTAPKOT-1,12.0,12.0,ILS,False,0.0,0,"השתפכות הנפש, ליקוטים, משיבת נפש, ספרי רבי אלתר מטעפליק, ספרי תלמידי ברסלב, ספרים גדולים",True,https://malevegadish.com/product/%d7%9e%d7%a9%d7%99%d7%91%d7%aa-%d7%a0%d7%a4%d7%a9-%d7%94%d7%a9%d7%aa%d7%a4%d7%9b%d7%95%d7%aa-%d7%94%d7%a0%d7%a4%d7%a9-%d7%9c%d7%9e%d7%99%d7%a0%d7%a6%d7%99%d7%94-%d7%a2%d7%9d-%d7%a7%d7%95/
8309,השתפכות הנפש,pock_mandala_hishtap,5.0,5.0,ILS,False,0.0,0,"השתפכות הנפש, ליקוטים, ספרי רבי אלתר מטעפליק, ספרי תלמידי ברסלב",False,https://malevegadish.com/product/%d7%94%d7%a9%d7%aa%d7%a4%d7%9b%d7%95%d7%aa-%d7%94%d7%a0%d7%a4%d7%a9/
8308,אב&quot;י הנחל,pock_mandala_ebey,6.5,6.5,ILS,False,0.0,0,"אב""י הנחל, ספרי תלמידי ברסלב",True,https://malevegadish.com/product/%d7%90%d7%91%d7%99-%d7%94%d7%a0%d7%97%d7%9c-2/
8277,אב&quot;י הנחל,pock_ebey,6.5,6.5,ILS,False,0.0,0,"אב""י הנחל, ספרי תלמידי ברסלב",True,https://malevegadish.com/product/%d7%90%d7%91%d7%99-%d7%94%d7%a0%d7%97%d7%9c/
8276,ימי מוהרנ&quot;ת &#8211; ימי התלאות סקאי חום,border_yemey,14.0,14.0,ILS,False,0.0,0,"ימי התלאות, ספר ימי מוהרנ""ת, ספרי רבי נתן מברסלב, ספרים גדולים",True,https://malevegadish.com/product/%d7%99%d7%9e%d7%99-%d7%9e%d7%95%d7%94%d7%a8%d7%a0%d7%aa-%d7%99%d7%9e%d7%99-%d7%94%d7%aa%d7%9c%d7%90%d7%95%d7%aa-%d7%a1%d7%a7%d7%90%d7%99-%d7%97%d7%95%d7%9d/
8275,שבחי הר&quot;ן &#8211; שיחות הר&quot;ן (כתבי הנחל),kitveyh_sihot,16.0,16.0,ILS,False,0.0,0,"הוצאת ""כתבי הנחל"", ספר שבחי הר""ן, ספר שיחות הר""ן, ספרי רבי נתן מברסלב, ספרים גדולים",True,https://malevegadish.com/product/%d7%a9%d7%91%d7%97%d7%99-%d7%94%d7%a8%d7%9f-%d7%a9%d7%99%d7%97%d7%95%d7%aa-%d7%94%d7%a8%d7%9f-%d7%9b%d7%aa%d7%91%d7%99-%d7%94%d7%a0%d7%97%d7%9c/
8274,קיצור ליקוטי מוהר&quot;ן &#8211; מהדורת תקע&quot;א,KIZOR-,7.0,7.0,ILS,False,0.0,0,"מהודרת תקע""א, ספרי רבי נחמן מברסלב, ספרים בינונים, ספרים מדפוס ראשון, קיצור ליקוטי מוהר""ן",True,https://malevegadish.com/product/%d7%a7%d7%99%d7%a6%d7%95%d7%a8-%d7%9c%d7%99%d7%a7%d7%95%d7%98%d7%99-%d7%9e%d7%95%d7%94%d7%a8%d7%9f-%d7%9e%d7%94%d7%93%d7%95%d7%a8%d7%aa-%d7%aa%d7%a7%d7%a2%d7%90/
8273,עלים לתרופה &#8211; סקאי לבן (כתבי הנחל),kitveyh_w_alim,23.0,23.0,ILS,False,5.0,1,"הוצאת ""כתבי הנחל"", מכתבים, ספרי רבי נתן מברסלב, ספרים גדולים, עלים לתרופה",True,https://malevegadish.com/product/%d7%a2%d7%9c%d7%99%d7%9d-%d7%9c%d7%aa%d7%a8%d7%95%d7%a4%d7%94-%d7%a1%d7%a7%d7%90%d7%99-%d7%9c%d7%91%d7%9f-%d7%9b%d7%aa%d7%91%d7%99-%d7%94%d7%a0%d7%97%d7%9c/
8272,עלים לתרופה &#8211; סקאי חום (כתבי הנחל),kitveyh_alim,23.0,23.0,ILS,False,0.0,0,"הוצאת ""כתבי הנחל"", מכתבים, ספרי רבי נתן מברסלב, ספרים גדולים, עלים לתרופה",True,https://malevegadish.com/product/%d7%a2%d7%9c%d7%99%d7%9d-%d7%9c%d7%aa%d7%a8%d7%95%d7%a4%d7%94-%d7%a1%d7%a7%d7%90%d7%99-%d7%97%d7%95%d7%9d-%d7%9b%d7%aa%d7%91%d7%99-%d7%94%d7%a0%d7%97%d7%9c/
8271,ספר המידות &#8211; סקאי חום (כתבי הנחל),kitveyh_midot,16.0,16.0,ILS,False,0.0,0,"הוצאת ""כתבי הנחל"", ספר המידות, ספרי רבי נחמן מברסלב, ספרים גדולים",True,https://malevegadish.com/product/%d7%a1%d7%a4%d7%a8-%d7%94%d7%9e%d7%99%d7%93%d7%95%d7%aa-%d7%a1%d7%a7%d7%90%d7%99-%d7%97%d7%95%d7%9d-%d7%9b%d7%aa%d7%91%d7%99-%d7%94%d7%a0%d7%97%d7%9c/
8270,משיבת נפש &#8211; השתפכות הנפש &#8211; סקאי חום (כתבי הנחל) (עם קונטרס אמונת עתיך),kitveyh_meshivat,16.0,16.0,ILS,False,0.0,0,"הוצאת ""כתבי הנחל"", השתפכות הנפש, ליקוטים, משיבת נפש, ספרי רבי אלתר מטעפליק, ספרי תלמידי ברסלב, ספרים גדולים",True,https://malevegadish.com/product/%d7%9e%d7%a9%d7%99%d7%91%d7%aa-%d7%a0%d7%a4%d7%a9-%d7%94%d7%a9%d7%aa%d7%a4%d7%9b%d7%95%d7%aa-%d7%94%d7%a0%d7%a4%d7%a9-%d7%a1%d7%a7%d7%90%d7%99-%d7%97%d7%95%d7%9d-%d7%9b%d7%aa%d7%91%d7%99-%d7%94/
8269,ליקוטי עצות (כתבי הנחל),kitveyh_etzot,16.0,16.0,ILS,False,0.0,0,"הוצאת ""כתבי הנחל"", ספר ליקוטי עצות, ספרי רבי נחמן מברסלב, ספרים גדולים",True,https://malevegadish.com/product/%d7%9c%d7%99%d7%a7%d7%95%d7%98%d7%99-%d7%a2%d7%a6%d7%95%d7%aa-%d7%9b%d7%aa%d7%91%d7%99-%d7%94%d7%a0%d7%97%d7%9c/
8268,ליקוטי מוהר”ן תקפ”א סקאי בורדו גודל ענק,MOARN-GDOL,25.0,25.0,ILS,False,0.0,0,"מהדורת תקפ""א, ספר ליקוטי מוהר""ן, ספרי רבי נחמן מברסלב, ספרים גדולים, ספרים מדפוס ראשון",True,https://malevegadish.com/product/%d7%9c%d7%99%d7%a7%d7%95%d7%98%d7%99-%d7%9e%d7%95%d7%94%d7%a8%d7%9f-%d7%aa%d7%a7%d7%a4%d7%90-%d7%a1%d7%a7%d7%90%d7%99-%d7%91%d7%95%d7%a8%d7%93%d7%95-%d7%92%d7%95%d7%93%d7%9c-%d7%a2/
8267,ליקוטי מוהר&quot;ן תקפ&quot;א (גודל בינוני),takpa_moharan,11.0,11.0,ILS,False,0.0,0,"מהדורת תקפ""א, ספר ליקוטי מוהר""ן, ספרי רבי נחמן מברסלב, ספרים בינונים, ספרים מדפוס ראשון",True,https://malevegadish.com/product/%d7%9c%d7%99%d7%a7%d7%95%d7%98%d7%99-%d7%9e%d7%95%d7%94%d7%a8%d7%9f-%d7%aa%d7%a7%d7%a4%d7%90-%d7%92%d7%95%d7%93%d7%9c-%d7%91%d7%99%d7%a0%d7%95%d7%a0%d7%99/
8266,ליקוטי מוהר&quot;ן למינציה,slickborder_likutey-1,12.0,12.0,ILS,False,0.0,0,"ספר ליקוטי מוהר""ן, ספרי רבי נחמן מברסלב, ספרים גדולים",True,https://malevegadish.com/product/%d7%9c%d7%99%d7%a7%d7%95%d7%98%d7%99-%d7%9e%d7%95%d7%94%d7%a8%d7%9f-%d7%9c%d7%9e%d7%99%d7%a0%d7%a6%d7%99%d7%94/
8265,ליקוטי מוהר&quot;ן &#8211; סקאי לבן,border_w_likutey,14.0,14.0,ILS,False,0.0,0,"ספר ליקוטי מוהר""ן, ספרי רבי נחמן מברסלב, ספרים גדולים",False,https://malevegadish.com/product/%d7%9c%d7%99%d7%a7%d7%95%d7%98%d7%99-%d7%9e%d7%95%d7%94%d7%a8%d7%9f-%d7%a1%d7%a7%d7%90%d7%99-%d7%9c%d7%91%d7%9f/
8264,ליקוטי מוהר&quot;ן &#8211; סקאי חום,border_likutey,14.0,14.0,ILS,False,0.0,0,"ספר ליקוטי מוהר""ן, ספרי רבי נחמן מברסלב, ספרים גדולים",False,https://malevegadish.com/product/%d7%9c%d7%99%d7%a7%d7%95%d7%98%d7%99-%d7%9e%d7%95%d7%94%d7%a8%d7%9f-%d7%a1%d7%a7%d7%90%d7%99-%d7%97%d7%95%d7%9d/
8263,ימי מוהרנ&quot;ת &#8211; ימי התלאות (כתבי הנחל),kitveyh_yemey,16.0,16.0,ILS,False,0.0,0,"הוצאת ""כתבי הנחל"", ימי התלאות, ספר ימי מוהרנ""ת, ספרי רבי נתן מברסלב, ספרים גדולים",True,https://malevegadish.com/product/%d7%99%d7%9e%d7%99-%d7%9e%d7%95%d7%94%d7%a8%d7%a0%d7%aa-%d7%99%d7%9e%d7%99-%d7%94%d7%aa%d7%9c%d7%90%d7%95%d7%aa-%d7%9b%d7%aa%d7%91%d7%99-%d7%94%d7%a0%d7%97%d7%9c/
8262,ליקוטי מוהר&quot;ן &#8211; סקאי חום (כתבי הנחל),LIKOTI-MOARAN,16.0,16.0,ILS,False,0.0,0,"הוצאת ""כתבי הנחל"", ספר ליקוטי מוהר""ן, ספרי רבי נחמן מברסלב, ספרים גדולים",True,https://malevegadish.com/product/%d7%9c%d7%99%d7%a7%d7%95%d7%98%d7%99-%d7%9e%d7%95%d7%94%d7%a8%d7%9f-%d7%a1%d7%a7%d7%90%d7%99-%d7%97%d7%95%d7%9d-%d7%9b%d7%aa%d7%91%d7%99-%d7%94%d7%a0%d7%97%d7%9c/
8261,מארז סט ליקוטי תפילות וליקוטי מוהר&quot;ן &#8211; גודל כיס,homeset,27.0,27.0,ILS,False,5.0,1,"סטים ספרי ברסלב, ספר ליקוטי מוהר""ן, ספר ליקוטי תפילות, ספרי רבי נחמן מברסלב, ספרי רבי נתן מברסלב",False,https://malevegadish.com/product/%d7%9e%d7%90%d7%a8%d7%96-%d7%a1%d7%98-%d7%9c%d7%99%d7%a7%d7%95%d7%98%d7%99-%d7%aa%d7%a4%d7%99%d7%9c%d7%95%d7%aa-%d7%95%d7%9c%d7%99%d7%a7%d7%95%d7%98%d7%99-%d7%9e%d7%95%d7%94%d7%a8%d7%9f-%d7%92/
8260,ליקוטי תפילות (כתבי הנחל),kitveyh_tfilot,23.0,23.0,ILS,False,0.0,0,"הוצאת ""כתבי הנחל"", ספר ליקוטי תפילות, ספרי רבי נתן מברסלב, ספרים גדולים",True,https://malevegadish.com/product/%d7%9c%d7%99%d7%a7%d7%95%d7%98%d7%99-%d7%aa%d7%a4%d7%99%d7%9c%d7%95%d7%aa-%d7%9b%d7%aa%d7%91%d7%99-%d7%94%d7%a0%d7%97%d7%9c/
8259,ליקוטי תפילות,pock_mandala_tfilot,12.0,12.0,ILS,False,5.0,2,"ספר ליקוטי תפילות, ספרי רבי נתן מברסלב",True,https://malevegadish.com/product/%d7%9c%d7%99%d7%a7%d7%95%d7%98%d7%99-%d7%aa%d7%a4%d7%99%d7%9c%d7%95%d7%aa-2/
8258,כתבי רבי נחמן מברסלב &#8211; סקאי לבן,border_kitvey-1,24.0,24.0,ILS,False,0.0,0,"כתבי רבי נחמן מברסלב, ספר ליקוטי תפילות, ספרי רבי נחמן מברסלב, ספרי תלמידי ברסלב, ספרים גדולים, קיצור ליקוטי מוהר""ן",True,https://malevegadish.com/product/%d7%9b%d7%aa%d7%91%d7%99-%d7%a8%d7%91%d7%99-%d7%a0%d7%97%d7%9e%d7%9f-%d7%9e%d7%91%d7%a8%d7%a1%d7%9c%d7%91-%d7%a1%d7%a7%d7%90%d7%99-%d7%9c%d7%91%d7%9f/
8257,כתבי רבי נחמן מברסלב &#8211; סקאי חום,border_kitvey,24.0,24.0,ILS,False,0.0,0,"כתבי רבי נחמן מברסלב, ספר ליקוטי תפילות, ספרי רבי נחמן מברסלב, ספרי תלמידי ברסלב, ספרים גדולים, קיצור ליקוטי מוהר""ן",True,https://malevegadish.com/product/%d7%9b%d7%aa%d7%91%d7%99-%d7%a8%d7%91%d7%99-%d7%a0%d7%97%d7%9e%d7%9f-%d7%9e%d7%91%d7%a8%d7%a1%d7%9c%d7%91-%d7%a1%d7%a7%d7%90%d7%99-%d7%97%d7%95%d7%9d/
8256,ליקוטי תפילות,homeset_tfilot,12.0,12.0,ILS,False,5.0,1,"ספר ליקוטי תפילות, ספרי רבי נתן מברסלב",True,https://malevegadish.com/product/%d7%9c%d7%99%d7%a7%d7%95%d7%98%d7%99-%d7%aa%d7%a4%d7%99%d7%9c%d7%95%d7%aa/
8255,ליקוטי מוהר&quot;ן,pock_mandala_likutey-1,15.0,15.0,ILS,False,5.0,1,"ספר ליקוטי מוהר""ן, ספרי רבי נחמן מברסלב",False,https://malevegadish.com/product/%d7%9c%d7%99%d7%a7%d7%95%d7%98%d7%99-%d7%9e%d7%95%d7%94%d7%a8%d7%9f/
8254,ספר ילדים &#8211; מאיר הלבבות,meir-halvavot_kids,9.0,9.0,ILS,False,5.0,1,"ילדים, מאיר הלבבות, ספרי ילדים ברסלב",True,https://malevegadish.com/product/%d7%a1%d7%a4%d7%a8-%d7%99%d7%9c%d7%93%d7%99%d7%9d-%d7%9e%d7%90%d7%99%d7%a8-%d7%94%d7%9c%d7%91%d7%91%d7%95%d7%aa/
8253,ספר ילדים &#8211; איש פלא,ishpele_kids,6.0,6.0,ILS,False,5.0,1,"איש פלא, ילדים, ספרי ילדים ברסלב",True,https://malevegadish.com/product/%d7%a1%d7%a4%d7%a8-%d7%99%d7%9c%d7%93%d7%99%d7%9d-%d7%90%d7%99%d7%a9-%d7%a4%d7%9c%d7%90/
8252,משחק הזיכרון &#8211; ”קברי צדיקים”,game_zicarion,9.0,9.0,ILS,False,0.0,0,"ילדים, משחק הזיכרון - ”קברי צדיקים”, משחקים",False,https://malevegadish.com/product/%d7%9e%d7%a9%d7%97%d7%a7-%d7%94%d7%96%d7%99%d7%9b%d7%a8%d7%95%d7%9f-%d7%a7%d7%91%d7%a8%d7%99-%d7%a6%d7%93%d7%99%d7%a7%d7%99%d7%9d/
8251,&quot;משחק המידות&quot;,game_midot,8.0,8.0,ILS,False,0.0,0,"ילדים, משחק המידות, משחקים, ספר המידות",True,https://malevegadish.com/product/%d7%9e%d7%a9%d7%97%d7%a7-%d7%94%d7%9e%d7%99%d7%93%d7%95%d7%aa/
8250,משחק הזיכרון &#8211; ”אותיות”,game_otiot,9.0,9.0,ILS,False,0.0,0,"ילדים, משחק הזיכרון - ”אותיות”, משחקים",True,https://malevegadish.com/product/%d7%9e%d7%a9%d7%97%d7%a7-%d7%94%d7%96%d7%99%d7%9b%d7%a8%d7%95%d7%9f-%d7%90%d7%95%d7%aa%d7%99%d7%95%d7%aa/
8249,סיפורי מעשיות באנגלית,eng_maasiot,8.0,8.0,ILS,False,5.0,2,"אנגלית, ספר סיפורי מעשיות, ספרי רבי נחמן מברסלב, ספרים באנגלית",True,https://malevegadish.com/product/%d7%a1%d7%99%d7%a4%d7%95%d7%a8%d7%99-%d7%9e%d7%a2%d7%a9%d7%99%d7%95%d7%aa-%d7%91%d7%90%d7%a0%d7%92%d7%9c%d7%99%d7%aa/
8248,ספר המידות אנגלית/עברית,eng_midot,8.0,8.0,ILS,False,5.0,2,"אנגלית, ספר המידות, ספרי רבי נחמן מברסלב, ספרים באנגלית, ספרים בינונים",True,https://malevegadish.com/product/%d7%a1%d7%a4%d7%a8-%d7%94%d7%9e%d7%99%d7%93%d7%95%d7%aa-%d7%90%d7%a0%d7%92%d7%9c%d7%99%d7%aa-%d7%a2%d7%91%d7%a8%d7%99%d7%aa/
